X.SampleID,BarcodeSequence,LinkerPrimerSequence,ElectronShuttle,Replicate,Batch,Days,days_smooth,timepoint,Experiment,eShuttle.Conc,sample.rep.time,sample.rep.days,shuttle_conc_day,shuttle_conc_rep_day,OriginalName,Description
AQC.A.01,CTACAGGGTCTC,GTGTGYCAGCMGCCGCGGTAA,AQC,A,Batch1,3.8,4,1,AQC.100.uM.Batch1,100,AQC.A.01,AQC.A.4,AQC_100_3.8,AQC_100_A_3.8,AQC.A.1,AQC.100.uM.Batch1
AQC.A.02,CTATATTATCCG,GTGTGYCAGCMGCCGCGGTAA,AQC,A,Batch1,9.8,10,2,AQC.100.uM.Batch1,100,AQC.A.02,AQC.A.10,AQC_100_9.8,AQC_100_A_9.8,AQC.A.2,AQC.100.uM.Batch1
AQC.A.03,TGAGTCATTGAG,GTGTGYCAGCMGCCGCGGTAA,AQC,A,Batch1,16.9,17,3,AQC.100.uM.Batch1,100,AQC.A.03,AQC.A.17,AQC_100_16.9,AQC_100_A_16.9,AQC.A.3,AQC.100.uM.Batch1
AQC.A.04,CTCTGAGGTAAC,GTGTGYCAGCMGCCGCGGTAA,AQC,A,Batch1,25.9,26,4,AQC.100.uM.Batch1,100,AQC.A.04,AQC.A.26,AQC_100_25.9,AQC_100_A_25.9,AQC.A.4,AQC.100.uM.Batch1
AQC.A.05,GTTCATTAAACT,GTGTGYCAGCMGCCGCGGTAA,AQC,A,Batch1,31.9,32,5,AQC.100.uM.Batch1,100,AQC.A.05,AQC.A.32,AQC_100_31.9,AQC_100_A_31.9,AQC.A.5,AQC.100.uM.Batch1
AQC.A.06,CAAACTGCGTTG,GTGTGYCAGCMGCCGCGGTAA,AQC,A,Batch1,41,41,6,AQC.100.uM.Batch1,100,AQC.A.06,AQC.A.41,AQC_100_41,AQC_100_A_41,AQC.A.6,AQC.100.uM.Batch1
AQC.A.10,TCCGGCGGGCAA,GTGTGYCAGCMGCCGCGGTAA,AQC,A,Batch1,48,48,7,AQC.100.uM.Batch1,100,AQC.A.07,AQC.A.48,AQC_100_48,AQC_100_A_48,AQC.A.10,AQC.100.uM.Batch1
AQC.A.08,TCCACAGGGTTC,GTGTGYCAGCMGCCGCGGTAA,AQC,A,Batch1,55,55,8,AQC.100.uM.Batch1,100,AQC.A.08,AQC.A.55,AQC_100_55,AQC_100_A_55,AQC.A.8,AQC.100.uM.Batch1
AQC.B.01,CTTGGAGGCTTA,GTGTGYCAGCMGCCGCGGTAA,AQC,B,Batch1,3.8,4,1,AQC.100.uM.Batch1,100,AQC.B.01,AQC.B.4,AQC_100_3.8,AQC_100_B_3.8,AQC.B.1,AQC.100.uM.Batch1
AQC.B.02,ACCGAACAATCC,GTGTGYCAGCMGCCGCGGTAA,AQC,B,Batch1,9.8,10,2,AQC.100.uM.Batch1,100,AQC.B.02,AQC.B.10,AQC_100_9.8,AQC_100_B_9.8,AQC.B.2,AQC.100.uM.Batch1
AQC.B.03,ACCTACTTGTCT,GTGTGYCAGCMGCCGCGGTAA,AQC,B,Batch1,16.9,17,3,AQC.100.uM.Batch1,100,AQC.B.03,AQC.B.17,AQC_100_16.9,AQC_100_B_16.9,AQC.B.3,AQC.100.uM.Batch1
AQC.B.04,CATGTCTTCCAT,GTGTGYCAGCMGCCGCGGTAA,AQC,B,Batch1,25.9,26,4,AQC.100.uM.Batch1,100,AQC.B.04,AQC.B.26,AQC_100_25.9,AQC_100_B_25.9,AQC.B.4,AQC.100.uM.Batch1
AQC.B.05,GTGCCGGCCGAC,GTGTGYCAGCMGCCGCGGTAA,AQC,B,Batch1,31.9,32,5,AQC.100.uM.Batch1,100,AQC.B.05,AQC.B.32,AQC_100_31.9,AQC_100_B_31.9,AQC.B.5,AQC.100.uM.Batch1
AQC.B.06,TCGAGAGTTTGC,GTGTGYCAGCMGCCGCGGTAA,AQC,B,Batch1,41,41,6,AQC.100.uM.Batch1,100,AQC.B.06,AQC.B.41,AQC_100_41,AQC_100_B_41,AQC.B.6,AQC.100.uM.Batch1
AQC.B.10,TAATCCATAATC,GTGTGYCAGCMGCCGCGGTAA,AQC,B,Batch1,48,48,7,AQC.100.uM.Batch1,100,AQC.B.07,AQC.B.48,AQC_100_48,AQC_100_B_48,AQC.B.10,AQC.100.uM.Batch1
AQC.B.08,GGAGAACGACAC,GTGTGYCAGCMGCCGCGGTAA,AQC,B,Batch1,55,55,8,AQC.100.uM.Batch1,100,AQC.B.08,AQC.B.55,AQC_100_55,AQC_100_B_55,AQC.B.8,AQC.100.uM.Batch1
AQC.C.01,TATCATATTACG,GTGTGYCAGCMGCCGCGGTAA,AQC,C,Batch1,3.8,4,1,AQC.100.uM.Batch1,100,AQC.C.01,AQC.C.4,AQC_100_3.8,AQC_100_C_3.8,AQC.C.1,AQC.100.uM.Batch1
AQC.C.02,ACGGTACCCTAC,GTGTGYCAGCMGCCGCGGTAA,AQC,C,Batch1,9.8,10,2,AQC.100.uM.Batch1,100,AQC.C.02,AQC.C.10,AQC_100_9.8,AQC_100_C_9.8,AQC.C.2,AQC.100.uM.Batch1
AQC.C.03,ACTGTGACGTCC,GTGTGYCAGCMGCCGCGGTAA,AQC,C,Batch1,16.9,17,3,AQC.100.uM.Batch1,100,AQC.C.03,AQC.C.17,AQC_100_16.9,AQC_100_C_16.9,AQC.C.3,AQC.100.uM.Batch1
AQC.C.04,AACAGTAAACAA,GTGTGYCAGCMGCCGCGGTAA,AQC,C,Batch1,25.9,26,4,AQC.100.uM.Batch1,100,AQC.C.04,AQC.C.26,AQC_100_25.9,AQC_100_C_25.9,AQC.C.4,AQC.100.uM.Batch1
AQC.C.05,CCTTGACCGATG,GTGTGYCAGCMGCCGCGGTAA,AQC,C,Batch1,31.9,32,5,AQC.100.uM.Batch1,100,AQC.C.05,AQC.C.32,AQC_100_31.9,AQC_100_C_31.9,AQC.C.5,AQC.100.uM.Batch1
AQC.C.06,CGACACGGAGAA,GTGTGYCAGCMGCCGCGGTAA,AQC,C,Batch1,41,41,6,AQC.100.uM.Batch1,100,AQC.C.06,AQC.C.41,AQC_100_41,AQC_100_C_41,AQC.C.6,AQC.100.uM.Batch1
AQC.C.10,CCTCCGTCATGG,GTGTGYCAGCMGCCGCGGTAA,AQC,C,Batch1,48,48,7,AQC.100.uM.Batch1,100,AQC.C.07,AQC.C.48,AQC_100_48,AQC_100_C_48,AQC.C.10,AQC.100.uM.Batch1
AQC.C.08,CCTACCATTGTT,GTGTGYCAGCMGCCGCGGTAA,AQC,C,Batch1,55,55,8,AQC.100.uM.Batch1,100,AQC.C.08,AQC.C.55,AQC_100_55,AQC_100_C_55,AQC.C.8,AQC.100.uM.Batch1
AQDS3.A.01,AGCCTTCGTCGC,GTGTGYCAGCMGCCGCGGTAA,AQDS,A,Batch1,3.8,4,1,AQDS.10.uM.Batch1,10,AQDS3.A.01,AQDS.A.4,AQDS_10_3.8,AQDS_10_A_3.8,AQDS3.A.1,AQDS.10.uM.Batch1
AQDS3.A.02,CCTAACGGTCCA,GTGTGYCAGCMGCCGCGGTAA,AQDS,A,Batch1,9.8,10,2,AQDS.10.uM.Batch1,10,AQDS3.A.02,AQDS.A.10,AQDS_10_9.8,AQDS_10_A_9.8,AQDS3.A.2,AQDS.10.uM.Batch1
AQDS3.A.03,TACAATATCTGT,GTGTGYCAGCMGCCGCGGTAA,AQDS,A,Batch1,16.9,17,3,AQDS.10.uM.Batch1,10,AQDS3.A.03,AQDS.A.17,AQDS_10_16.9,AQDS_10_A_16.9,AQDS3.A.3,AQDS.10.uM.Batch1
AQDS3.A.04,GCCTCTACGTCG,GTGTGYCAGCMGCCGCGGTAA,AQDS,A,Batch1,25.9,26,4,AQDS.10.uM.Batch1,10,AQDS3.A.04,AQDS.A.26,AQDS_10_25.9,AQDS_10_A_25.9,AQDS3.A.4,AQDS.10.uM.Batch1
AQDS3.A.05,CGTATAAATGCG,GTGTGYCAGCMGCCGCGGTAA,AQDS,A,Batch1,31.9,32,5,AQDS.10.uM.Batch1,10,AQDS3.A.05,AQDS.A.32,AQDS_10_31.9,AQDS_10_A_31.9,AQDS3.A.5,AQDS.10.uM.Batch1
AQDS3.A.06,TTCCTTAGTAGT,GTGTGYCAGCMGCCGCGGTAA,AQDS,A,Batch1,55,55,6,AQDS.10.uM.Batch1,10,AQDS3.A.06,AQDS.A.55,AQDS_10_55,AQDS_10_A_55,AQDS3.A.6,AQDS.10.uM.Batch1
AQDS3.B.01,TCCATACCGGAA,GTGTGYCAGCMGCCGCGGTAA,AQDS,B,Batch1,3.8,4,1,AQDS.10.uM.Batch1,10,AQDS3.B.01,AQDS.B.4,AQDS_10_3.8,AQDS_10_B_3.8,AQDS3.B.1,AQDS.10.uM.Batch1
AQDS3.B.03,AATTTAGGTAGG,GTGTGYCAGCMGCCGCGGTAA,AQDS,B,Batch1,16.9,17,3,AQDS.10.uM.Batch1,10,AQDS3.B.03,AQDS.B.17,AQDS_10_16.9,AQDS_10_B_16.9,AQDS3.B.3,AQDS.10.uM.Batch1
AQDS3.B.04,ACTACTGAGGAT,GTGTGYCAGCMGCCGCGGTAA,AQDS,B,Batch1,25.9,26,4,AQDS.10.uM.Batch1,10,AQDS3.B.04,AQDS.B.26,AQDS_10_25.9,AQDS_10_B_25.9,AQDS3.B.4,AQDS.10.uM.Batch1
AQDS3.B.05,ATGCTGCAACAC,GTGTGYCAGCMGCCGCGGTAA,AQDS,B,Batch1,31.9,32,5,AQDS.10.uM.Batch1,10,AQDS3.B.05,AQDS.B.32,AQDS_10_31.9,AQDS_10_B_31.9,AQDS3.B.5,AQDS.10.uM.Batch1
AQDS3.B.06,CGTCCGTATGAA,GTGTGYCAGCMGCCGCGGTAA,AQDS,B,Batch1,55,55,6,AQDS.10.uM.Batch1,10,AQDS3.B.06,AQDS.B.55,AQDS_10_55,AQDS_10_B_55,AQDS3.B.6,AQDS.10.uM.Batch1
AQDS3.C.01,AGCCCTGCTACA,GTGTGYCAGCMGCCGCGGTAA,AQDS,C,Batch1,3.8,4,1,AQDS.10.uM.Batch1,10,AQDS3.C.01,AQDS.C.4,AQDS_10_3.8,AQDS_10_C_3.8,AQDS3.C.1,AQDS.10.uM.Batch1
AQDS3.C.02,TATGGTACCCAG,GTGTGYCAGCMGCCGCGGTAA,AQDS,C,Batch1,9.8,10,2,AQDS.10.uM.Batch1,10,AQDS3.C.02,AQDS.C.10,AQDS_10_9.8,AQDS_10_C_9.8,AQDS3.C.2,AQDS.10.uM.Batch1
AQDS3.C.03,GACTCAACCAGT,GTGTGYCAGCMGCCGCGGTAA,AQDS,C,Batch1,16.9,17,3,AQDS.10.uM.Batch1,10,AQDS3.C.03,AQDS.C.17,AQDS_10_16.9,AQDS_10_C_16.9,AQDS3.C.3,AQDS.10.uM.Batch1
AQDS3.C.04,AATTCACCTCCT,GTGTGYCAGCMGCCGCGGTAA,AQDS,C,Batch1,25.9,26,4,AQDS.10.uM.Batch1,10,AQDS3.C.04,AQDS.C.26,AQDS_10_25.9,AQDS_10_C_25.9,AQDS3.C.4,AQDS.10.uM.Batch1
AQDS3.C.05,ACTCGCTCGCTG,GTGTGYCAGCMGCCGCGGTAA,AQDS,C,Batch1,31.9,32,5,AQDS.10.uM.Batch1,10,AQDS3.C.05,AQDS.C.32,AQDS_10_31.9,AQDS_10_C_31.9,AQDS3.C.5,AQDS.10.uM.Batch1
AQDS3.C.06,ACGTGAGGAACG,GTGTGYCAGCMGCCGCGGTAA,AQDS,C,Batch1,55,55,6,AQDS.10.uM.Batch1,10,AQDS3.C.06,AQDS.C.55,AQDS_10_55,AQDS_10_C_55,AQDS3.C.6,AQDS.10.uM.Batch1
AQDS4.A.01,GGTTGCCCTGTA,GTGTGYCAGCMGCCGCGGTAA,AQDS,A,Batch1,3.8,4,1,AQDS.100.uM.Batch1,100,AQDS4.A.01,AQDS.A.4,AQDS_100_3.8,AQDS_100_A_3.8,AQDS4.A.1,AQDS.100.uM.Batch1
AQDS4.A.02,CAAGTGAAGGGA,GTGTGYCAGCMGCCGCGGTAA,AQDS,A,Batch1,9.8,10,2,AQDS.100.uM.Batch1,100,AQDS4.A.02,AQDS.A.10,AQDS_100_9.8,AQDS_100_A_9.8,AQDS4.A.2,AQDS.100.uM.Batch1
AQDS4.A.03,TGACTAATGGCC,GTGTGYCAGCMGCCGCGGTAA,AQDS,A,Batch1,16.9,17,3,AQDS.100.uM.Batch1,100,AQDS4.A.03,AQDS.A.17,AQDS_100_16.9,AQDS_100_A_16.9,AQDS4.A.3,AQDS.100.uM.Batch1
AQDS4.A.04,TATGCCAGAGAT,GTGTGYCAGCMGCCGCGGTAA,AQDS,A,Batch1,25.9,26,4,AQDS.100.uM.Batch1,100,AQDS4.A.04,AQDS.A.26,AQDS_100_25.9,AQDS_100_A_25.9,AQDS4.A.4,AQDS.100.uM.Batch1
AQDS4.A.05,TGATATCGTCTT,GTGTGYCAGCMGCCGCGGTAA,AQDS,A,Batch1,31.9,32,5,AQDS.100.uM.Batch1,100,AQDS4.A.05,AQDS.A.32,AQDS_100_31.9,AQDS_100_A_31.9,AQDS4.A.5,AQDS.100.uM.Batch1
AQDS4.A.06,CTTGATTCTTGA,GTGTGYCAGCMGCCGCGGTAA,AQDS,A,Batch1,55,55,6,AQDS.100.uM.Batch1,100,AQDS4.A.06,AQDS.A.55,AQDS_100_55,AQDS_100_A_55,AQDS4.A.6,AQDS.100.uM.Batch1
AQDS4.B.01,CATATAGCCCGA,GTGTGYCAGCMGCCGCGGTAA,AQDS,B,Batch1,3.8,4,1,AQDS.100.uM.Batch1,100,AQDS4.B.01,AQDS.B.4,AQDS_100_3.8,AQDS_100_B_3.8,AQDS4.B.1,AQDS.100.uM.Batch1
AQDS4.B.02,CACGTTTATTCC,GTGTGYCAGCMGCCGCGGTAA,AQDS,B,Batch1,9.8,10,2,AQDS.100.uM.Batch1,100,AQDS4.B.02,AQDS.B.10,AQDS_100_9.8,AQDS_100_B_9.8,AQDS4.B.2,AQDS.100.uM.Batch1
AQDS4.B.03,CGGGACACCCGA,GTGTGYCAGCMGCCGCGGTAA,AQDS,B,Batch1,16.9,17,3,AQDS.100.uM.Batch1,100,AQDS4.B.03,AQDS.B.17,AQDS_100_16.9,AQDS_100_B_16.9,AQDS4.B.3,AQDS.100.uM.Batch1
AQDS4.B.04,CGTTTGGAATGA,GTGTGYCAGCMGCCGCGGTAA,AQDS,B,Batch1,25.9,26,4,AQDS.100.uM.Batch1,100,AQDS4.B.04,AQDS.B.26,AQDS_100_25.9,AQDS_100_B_25.9,AQDS4.B.4,AQDS.100.uM.Batch1
AQDS4.B.05,CGGTGACCTACT,GTGTGYCAGCMGCCGCGGTAA,AQDS,B,Batch1,31.9,32,5,AQDS.100.uM.Batch1,100,AQDS4.B.05,AQDS.B.32,AQDS_100_31.9,AQDS_100_B_31.9,AQDS4.B.5,AQDS.100.uM.Batch1
AQDS4.B.06,GAAATCTTGAAG,GTGTGYCAGCMGCCGCGGTAA,AQDS,B,Batch1,55,55,6,AQDS.100.uM.Batch1,100,AQDS4.B.06,AQDS.B.55,AQDS_100_55,AQDS_100_B_55,AQDS4.B.6,AQDS.100.uM.Batch1
AQDS4.C.01,GCCTATGAGATC,GTGTGYCAGCMGCCGCGGTAA,AQDS,C,Batch1,3.8,4,1,AQDS.100.uM.Batch1,100,AQDS4.C.01,AQDS.C.4,AQDS_100_3.8,AQDS_100_C_3.8,AQDS4.C.1,AQDS.100.uM.Batch1
AQDS4.C.02,TAATCGGTGCCA,GTGTGYCAGCMGCCGCGGTAA,AQDS,C,Batch1,9.8,10,2,AQDS.100.uM.Batch1,100,AQDS4.C.02,AQDS.C.10,AQDS_100_9.8,AQDS_100_C_9.8,AQDS4.C.2,AQDS.100.uM.Batch1
AQDS4.C.03,CTGTCTATACTA,GTGTGYCAGCMGCCGCGGTAA,AQDS,C,Batch1,16.9,17,3,AQDS.100.uM.Batch1,100,AQDS4.C.03,AQDS.C.17,AQDS_100_16.9,AQDS_100_C_16.9,AQDS4.C.3,AQDS.100.uM.Batch1
AQDS4.C.04,AAGAACTCATGA,GTGTGYCAGCMGCCGCGGTAA,AQDS,C,Batch1,25.9,26,4,AQDS.100.uM.Batch1,100,AQDS4.C.04,AQDS.C.26,AQDS_100_25.9,AQDS_100_C_25.9,AQDS4.C.4,AQDS.100.uM.Batch1
AQDS4.C.05,AATGCGCGTATA,GTGTGYCAGCMGCCGCGGTAA,AQDS,C,Batch1,31.9,32,5,AQDS.100.uM.Batch1,100,AQDS4.C.05,AQDS.C.32,AQDS_100_31.9,AQDS_100_C_31.9,AQDS4.C.5,AQDS.100.uM.Batch1
AQDS4.C.06,GAGATACAGTTC,GTGTGYCAGCMGCCGCGGTAA,AQDS,C,Batch1,55,55,6,AQDS.100.uM.Batch1,100,AQDS4.C.06,AQDS.C.55,AQDS_100_55,AQDS_100_C_55,AQDS4.C.6,AQDS.100.uM.Batch1
AQDS5.A.01,GTGGAGTCTCAT,GTGTGYCAGCMGCCGCGGTAA,AQDS,A,Batch1,3.8,4,1,AQDS.1000.uM.Batch1,1000,AQDS5.A.01,AQDS.A.4,AQDS_1000_3.8,AQDS_1000_A_3.8,AQDS5.A.1,AQDS.1000.uM.Batch1
AQDS5.A.02,ATCTAGTGGCAA,GTGTGYCAGCMGCCGCGGTAA,AQDS,A,Batch1,9.8,10,2,AQDS.1000.uM.Batch1,1000,AQDS5.A.02,AQDS.A.10,AQDS_1000_9.8,AQDS_1000_A_9.8,AQDS5.A.2,AQDS.1000.uM.Batch1
AQDS5.A.03,ATACATGCAAGA,GTGTGYCAGCMGCCGCGGTAA,AQDS,A,Batch1,16.9,17,3,AQDS.1000.uM.Batch1,1000,AQDS5.A.03,AQDS.A.17,AQDS_1000_16.9,AQDS_1000_A_16.9,AQDS5.A.3,AQDS.1000.uM.Batch1
AQDS5.A.04,AGGATCAGGGAA,GTGTGYCAGCMGCCGCGGTAA,AQDS,A,Batch1,25.9,26,4,AQDS.1000.uM.Batch1,1000,AQDS5.A.04,AQDS.A.26,AQDS_1000_25.9,AQDS_1000_A_25.9,AQDS5.A.4,AQDS.1000.uM.Batch1
AQDS5.A.05,TGATGTGCTAAG,GTGTGYCAGCMGCCGCGGTAA,AQDS,A,Batch1,31.9,32,5,AQDS.1000.uM.Batch1,1000,AQDS5.A.05,AQDS.A.32,AQDS_1000_31.9,AQDS_1000_A_31.9,AQDS5.A.5,AQDS.1000.uM.Batch1
AQDS5.A.06,CTCGCCCTCGCC,GTGTGYCAGCMGCCGCGGTAA,AQDS,A,Batch1,55,55,6,AQDS.1000.uM.Batch1,1000,AQDS5.A.06,AQDS.A.55,AQDS_1000_55,AQDS_1000_A_55,AQDS5.A.6,AQDS.1000.uM.Batch1
AQDS5.B.01,ACCTTACACCTT,GTGTGYCAGCMGCCGCGGTAA,AQDS,B,Batch1,3.8,4,1,AQDS.1000.uM.Batch1,1000,AQDS5.B.01,AQDS.B.4,AQDS_1000_3.8,AQDS_1000_B_3.8,AQDS5.B.1,AQDS.1000.uM.Batch1
AQDS5.B.02,ACGCTTAACGAC,GTGTGYCAGCMGCCGCGGTAA,AQDS,B,Batch1,9.8,10,2,AQDS.1000.uM.Batch1,1000,AQDS5.B.02,AQDS.B.10,AQDS_1000_9.8,AQDS_1000_B_9.8,AQDS5.B.2,AQDS.1000.uM.Batch1
AQDS5.B.03,CTTAGTGCAGAA,GTGTGYCAGCMGCCGCGGTAA,AQDS,B,Batch1,16.9,17,3,AQDS.1000.uM.Batch1,1000,AQDS5.B.03,AQDS.B.17,AQDS_1000_16.9,AQDS_1000_B_16.9,AQDS5.B.3,AQDS.1000.uM.Batch1
AQDS5.B.04,AATAACTAGGGT,GTGTGYCAGCMGCCGCGGTAA,AQDS,B,Batch1,25.9,26,4,AQDS.1000.uM.Batch1,1000,AQDS5.B.04,AQDS.B.26,AQDS_1000_25.9,AQDS_1000_B_25.9,AQDS5.B.4,AQDS.1000.uM.Batch1
AQDS5.B.05,GTAGTAGACCAT,GTGTGYCAGCMGCCGCGGTAA,AQDS,B,Batch1,31.9,32,5,AQDS.1000.uM.Batch1,1000,AQDS5.B.05,AQDS.B.32,AQDS_1000_31.9,AQDS_1000_B_31.9,AQDS5.B.5,AQDS.1000.uM.Batch1
AQDS5.C.01,TAATCTCGCCGG,GTGTGYCAGCMGCCGCGGTAA,AQDS,C,Batch1,3.8,4,1,AQDS.1000.uM.Batch1,1000,AQDS5.C.01,AQDS.C.4,AQDS_1000_3.8,AQDS_1000_C_3.8,AQDS5.C.1,AQDS.1000.uM.Batch1
AQDS5.C.02,TACGGATTATGG,GTGTGYCAGCMGCCGCGGTAA,AQDS,C,Batch1,9.8,10,2,AQDS.1000.uM.Batch1,1000,AQDS5.C.02,AQDS.C.10,AQDS_1000_9.8,AQDS_1000_C_9.8,AQDS5.C.2,AQDS.1000.uM.Batch1
AQDS5.C.03,AATCTTGCGCCG,GTGTGYCAGCMGCCGCGGTAA,AQDS,C,Batch1,16.9,17,3,AQDS.1000.uM.Batch1,1000,AQDS5.C.03,AQDS.C.17,AQDS_1000_16.9,AQDS_1000_C_16.9,AQDS5.C.3,AQDS.1000.uM.Batch1
AQDS5.C.04,TATTGCAGCAGC,GTGTGYCAGCMGCCGCGGTAA,AQDS,C,Batch1,25.9,26,4,AQDS.1000.uM.Batch1,1000,AQDS5.C.04,AQDS.C.26,AQDS_1000_25.9,AQDS_1000_C_25.9,AQDS5.C.4,AQDS.1000.uM.Batch1
AQDS5.C.05,AGTAAAGATCGT,GTGTGYCAGCMGCCGCGGTAA,AQDS,C,Batch1,31.9,32,5,AQDS.1000.uM.Batch1,1000,AQDS5.C.05,AQDS.C.32,AQDS_1000_31.9,AQDS_1000_C_31.9,AQDS5.C.5,AQDS.1000.uM.Batch1
AQDS5.C.06,ACATACTGAGCA,GTGTGYCAGCMGCCGCGGTAA,AQDS,C,Batch1,55,55,6,AQDS.1000.uM.Batch1,1000,AQDS5.C.06,AQDS.C.55,AQDS_1000_55,AQDS_1000_C_55,AQDS5.C.6,AQDS.1000.uM.Batch1
Batch1.eShuttle.Inoc,ACTCTTACTTAG,GTGTGYCAGCMGCCGCGGTAA,Inoculum,inoc,Batch1,0,0,0,inoc,inoc,Batch1.eShuttle.Inoc,Inoculum.inoc.0,Inoculum_inoc_0,Inoculum_inoc_inoc_0,eshuttle.Inoculum,inoc
NQL.A.01,GTTGATACGATG,GTGTGYCAGCMGCCGCGGTAA,NQL,A,Batch1,3.8,4,1,NQL.100.uM.Batch1,100,NQL.A.01,NQL.A.4,NQL_100_3.8,NQL_100_A_3.8,NQL.A.1,NQL.100.uM.Batch1
NQL.A.02,ACTTGGTGTAAG,GTGTGYCAGCMGCCGCGGTAA,NQL,A,Batch1,9.8,10,2,NQL.100.uM.Batch1,100,NQL.A.02,NQL.A.10,NQL_100_9.8,NQL_100_A_9.8,NQL.A.2,NQL.100.uM.Batch1
NQL.A.03,TGTGCACGCCAT,GTGTGYCAGCMGCCGCGGTAA,NQL,A,Batch1,16.9,17,3,NQL.100.uM.Batch1,100,NQL.A.03,NQL.A.17,NQL_100_16.9,NQL_100_A_16.9,NQL.A.3,NQL.100.uM.Batch1
NQL.A.04,TACTAACGCGGT,GTGTGYCAGCMGCCGCGGTAA,NQL,A,Batch1,25.9,26,4,NQL.100.uM.Batch1,100,NQL.A.04,NQL.A.26,NQL_100_25.9,NQL_100_A_25.9,NQL.A.4,NQL.100.uM.Batch1
NQL.A.05,GAAGAGGGTTGA,GTGTGYCAGCMGCCGCGGTAA,NQL,A,Batch1,31.9,32,5,NQL.100.uM.Batch1,100,NQL.A.05,NQL.A.32,NQL_100_31.9,NQL_100_A_31.9,NQL.A.5,NQL.100.uM.Batch1
NQL.A.06,ACGACGCATTTG,GTGTGYCAGCMGCCGCGGTAA,NQL,A,Batch1,55,55,6,NQL.100.uM.Batch1,100,NQL.A.06,NQL.A.55,NQL_100_55,NQL_100_A_55,NQL.A.6,NQL.100.uM.Batch1
NQL.B.01,GTCAACGCTGTC,GTGTGYCAGCMGCCGCGGTAA,NQL,B,Batch1,3.8,4,1,NQL.100.uM.Batch1,100,NQL.B.01,NQL.B.4,NQL_100_3.8,NQL_100_B_3.8,NQL.B.1,NQL.100.uM.Batch1
NQL.B.02,ATTACGTATCAT,GTGTGYCAGCMGCCGCGGTAA,NQL,B,Batch1,9.8,10,2,NQL.100.uM.Batch1,100,NQL.B.02,NQL.B.10,NQL_100_9.8,NQL_100_B_9.8,NQL.B.2,NQL.100.uM.Batch1
NQL.B.03,CCGGACAAGAAG,GTGTGYCAGCMGCCGCGGTAA,NQL,B,Batch1,16.9,17,3,NQL.100.uM.Batch1,100,NQL.B.03,NQL.B.17,NQL_100_16.9,NQL_100_B_16.9,NQL.B.3,NQL.100.uM.Batch1
NQL.B.04,GCGATCACACCT,GTGTGYCAGCMGCCGCGGTAA,NQL,B,Batch1,25.9,26,4,NQL.100.uM.Batch1,100,NQL.B.04,NQL.B.26,NQL_100_25.9,NQL_100_B_25.9,NQL.B.4,NQL.100.uM.Batch1
NQL.B.05,TGAGTGGTCTGT,GTGTGYCAGCMGCCGCGGTAA,NQL,B,Batch1,31.9,32,5,NQL.100.uM.Batch1,100,NQL.B.05,NQL.B.32,NQL_100_31.9,NQL_100_B_31.9,NQL.B.5,NQL.100.uM.Batch1
NQL.B.06,TATCCAAGCGCA,GTGTGYCAGCMGCCGCGGTAA,NQL,B,Batch1,55,55,6,NQL.100.uM.Batch1,100,NQL.B.06,NQL.B.55,NQL_100_55,NQL_100_B_55,NQL.B.6,NQL.100.uM.Batch1
NQL.C.01,TGAGACCCTACA,GTGTGYCAGCMGCCGCGGTAA,NQL,C,Batch1,3.8,4,1,NQL.100.uM.Batch1,100,NQL.C.01,NQL.C.4,NQL_100_3.8,NQL_100_C_3.8,NQL.C.1,NQL.100.uM.Batch1
NQL.C.02,CACGCAGTCTAC,GTGTGYCAGCMGCCGCGGTAA,NQL,C,Batch1,9.8,10,2,NQL.100.uM.Batch1,100,NQL.C.02,NQL.C.10,NQL_100_9.8,NQL_100_C_9.8,NQL.C.2,NQL.100.uM.Batch1
NQL.C.03,TTGCTGGACGCT,GTGTGYCAGCMGCCGCGGTAA,NQL,C,Batch1,16.9,17,3,NQL.100.uM.Batch1,100,NQL.C.03,NQL.C.17,NQL_100_16.9,NQL_100_C_16.9,NQL.C.3,NQL.100.uM.Batch1
NQL.C.04,CAAACGCACTAA,GTGTGYCAGCMGCCGCGGTAA,NQL,C,Batch1,25.9,26,4,NQL.100.uM.Batch1,100,NQL.C.04,NQL.C.26,NQL_100_25.9,NQL_100_C_25.9,NQL.C.4,NQL.100.uM.Batch1
NQL.C.05,TTACACAAAGGC,GTGTGYCAGCMGCCGCGGTAA,NQL,C,Batch1,31.9,32,5,NQL.100.uM.Batch1,100,NQL.C.05,NQL.C.32,NQL_100_31.9,NQL_100_C_31.9,NQL.C.5,NQL.100.uM.Batch1
NQL.C.06,AGAGCCAAGAGC,GTGTGYCAGCMGCCGCGGTAA,NQL,C,Batch1,55,55,6,NQL.100.uM.Batch1,100,NQL.C.06,NQL.C.55,NQL_100_55,NQL_100_C_55,NQL.C.6,NQL.100.uM.Batch1
NS.A.01,GGTGAGCAAGCA,GTGTGYCAGCMGCCGCGGTAA,no.shuttle,A,Batch1,3.8,4,1,NoShuttle.Control.Batch1,none,NS.A.01,no.shuttle.A.4,no.shuttle_none_3.8,no.shuttle_none_A_3.8,NS.A.1,NoShuttle.Control.Batch1
NS.A.02,GTCGTCCAAATG,GTGTGYCAGCMGCCGCGGTAA,no.shuttle,A,Batch1,9.8,10,2,NoShuttle.Control.Batch1,none,NS.A.02,no.shuttle.A.10,no.shuttle_none_9.8,no.shuttle_none_A_9.8,NS.A.2,NoShuttle.Control.Batch1
NS.A.03,GGTTCATGAACA,GTGTGYCAGCMGCCGCGGTAA,no.shuttle,A,Batch1,16.9,17,3,NoShuttle.Control.Batch1,none,NS.A.03,no.shuttle.A.17,no.shuttle_none_16.9,no.shuttle_none_A_16.9,NS.A.3,NoShuttle.Control.Batch1
NS.A.04,GCTCGAAGATTC,GTGTGYCAGCMGCCGCGGTAA,no.shuttle,A,Batch1,25.9,26,4,NoShuttle.Control.Batch1,none,NS.A.04,no.shuttle.A.26,no.shuttle_none_25.9,no.shuttle_none_A_25.9,NS.A.4,NoShuttle.Control.Batch1
NS.A.05,CTATGTATTAGT,GTGTGYCAGCMGCCGCGGTAA,no.shuttle,A,Batch1,31.9,32,5,NoShuttle.Control.Batch1,none,NS.A.05,no.shuttle.A.32,no.shuttle_none_31.9,no.shuttle_none_A_31.9,NS.A.5,NoShuttle.Control.Batch1
NS.A.06,GACTCTGCTCAG,GTGTGYCAGCMGCCGCGGTAA,no.shuttle,A,Batch1,55,55,6,NoShuttle.Control.Batch1,none,NS.A.06,no.shuttle.A.55,no.shuttle_none_55,no.shuttle_none_A_55,NS.A.6,NoShuttle.Control.Batch1
NS.B.01,TAAATATACCCT,GTGTGYCAGCMGCCGCGGTAA,no.shuttle,B,Batch1,3.8,4,1,NoShuttle.Control.Batch1,none,NS.B.01,no.shuttle.B.4,no.shuttle_none_3.8,no.shuttle_none_B_3.8,NS.B.1,NoShuttle.Control.Batch1
NS.B.02,TGCACAGTCGCT,GTGTGYCAGCMGCCGCGGTAA,no.shuttle,B,Batch1,9.8,10,2,NoShuttle.Control.Batch1,none,NS.B.02,no.shuttle.B.10,no.shuttle_none_9.8,no.shuttle_none_B_9.8,NS.B.2,NoShuttle.Control.Batch1
NS.B.03,TAACAATAATTC,GTGTGYCAGCMGCCGCGGTAA,no.shuttle,B,Batch1,16.9,17,3,NoShuttle.Control.Batch1,none,NS.B.03,no.shuttle.B.17,no.shuttle_none_16.9,no.shuttle_none_B_16.9,NS.B.3,NoShuttle.Control.Batch1
NS.B.04,TATTTGATTGGT,GTGTGYCAGCMGCCGCGGTAA,no.shuttle,B,Batch1,25.9,26,4,NoShuttle.Control.Batch1,none,NS.B.04,no.shuttle.B.26,no.shuttle_none_25.9,no.shuttle_none_B_25.9,NS.B.4,NoShuttle.Control.Batch1
NS.B.05,ACTCCCGTGTGA,GTGTGYCAGCMGCCGCGGTAA,no.shuttle,B,Batch1,31.9,32,5,NoShuttle.Control.Batch1,none,NS.B.05,no.shuttle.B.32,no.shuttle_none_31.9,no.shuttle_none_B_31.9,NS.B.5,NoShuttle.Control.Batch1
NS.C.01,TTGCGGACCCTA,GTGTGYCAGCMGCCGCGGTAA,no.shuttle,C,Batch1,3.8,4,1,NoShuttle.Control.Batch1,none,NS.C.01,no.shuttle.C.4,no.shuttle_none_3.8,no.shuttle_none_C_3.8,NS.C.1,NoShuttle.Control.Batch1
NS.C.02,TTACTGTGGCCG,GTGTGYCAGCMGCCGCGGTAA,no.shuttle,C,Batch1,9.8,10,2,NoShuttle.Control.Batch1,none,NS.C.02,no.shuttle.C.10,no.shuttle_none_9.8,no.shuttle_none_C_9.8,NS.C.2,NoShuttle.Control.Batch1
NS.C.03,CTTATTAAACGT,GTGTGYCAGCMGCCGCGGTAA,no.shuttle,C,Batch1,16.9,17,3,NoShuttle.Control.Batch1,none,NS.C.03,no.shuttle.C.17,no.shuttle_none_16.9,no.shuttle_none_C_16.9,NS.C.3,NoShuttle.Control.Batch1
NS.C.04,TGTCAAAGTGAC,GTGTGYCAGCMGCCGCGGTAA,no.shuttle,C,Batch1,25.9,26,4,NoShuttle.Control.Batch1,none,NS.C.04,no.shuttle.C.26,no.shuttle_none_25.9,no.shuttle_none_C_25.9,NS.C.4,NoShuttle.Control.Batch1
NS.C.05,CGGTATAGCAAT,GTGTGYCAGCMGCCGCGGTAA,no.shuttle,C,Batch1,31.9,32,5,NoShuttle.Control.Batch1,none,NS.C.05,no.shuttle.C.32,no.shuttle_none_31.9,no.shuttle_none_C_31.9,NS.C.5,NoShuttle.Control.Batch1
NS.C.06,TACCGAAGGTAT,GTGTGYCAGCMGCCGCGGTAA,no.shuttle,C,Batch1,55,55,6,NoShuttle.Control.Batch1,none,NS.C.06,no.shuttle.C.55,no.shuttle_none_55,no.shuttle_none_C_55,NS.C.6,NoShuttle.Control.Batch1
AQC.10.uM.Batch2.A.02,TCCGTGGTATAG,GTGTGYCAGCMGCCGCGGTAA,AQC,A,Batch2,3.9,4,1,AQC.10.uM,10,AQC.10.uM.Batch2.A.02,AQC.A.4,AQC_10_3.9,AQC_10_A_3.9,10.AQC.A.2,10.AQC.A.2
AQC.10.uM.Batch2.A.04,CGGTCAATTGAC,GTGTGYCAGCMGCCGCGGTAA,AQC,A,Batch2,9.8,10,2,AQC.10.uM,10,AQC.10.uM.Batch2.A.04,AQC.A.10,AQC_10_9.8,AQC_10_A_9.8,10.AQC.A.4,10.AQC.A.4
AQC.10.uM.Batch2.A.06,GCCCTTCCCGTG,GTGTGYCAGCMGCCGCGGTAA,AQC,A,Batch2,17.8,18,3,AQC.10.uM,10,AQC.10.uM.Batch2.A.06,AQC.A.18,AQC_10_17.8,AQC_10_A_17.8,10.AQC.A.6,10.AQC.A.6
AQC.10.uM.Batch2.A.07,CGCAAGCCCGCG,GTGTGYCAGCMGCCGCGGTAA,AQC,A,Batch2,21.9,22,4,AQC.10.uM,10,AQC.10.uM.Batch2.A.07,AQC.A.22,AQC_10_21.9,AQC_10_A_21.9,10.AQC.A.7,10.AQC.A.7
AQC.10.uM.Batch2.A.08,AGTATATGTTTC,GTGTGYCAGCMGCCGCGGTAA,AQC,A,Batch2,27.9,28,5,AQC.10.uM,10,AQC.10.uM.Batch2.A.08,AQC.A.28,AQC_10_27.9,AQC_10_A_27.9,10.AQC.A.8,10.AQC.A.8
AQC.10.uM.Batch2.A.09,GTGCGGTTCACT,GTGTGYCAGCMGCCGCGGTAA,AQC,A,Batch2,35,35,6,AQC.10.uM,10,AQC.10.uM.Batch2.A.09,AQC.A.35,AQC_10_35,AQC_10_A_35,10.AQC.A.9,10.AQC.A.9
AQC.10.uM.Batch2.A.10,TGGTGTTTATAT,GTGTGYCAGCMGCCGCGGTAA,AQC,A,Batch2,55.9,56,7,AQC.10.uM,10,AQC.10.uM.Batch2.A.10,AQC.A.56,AQC_10_55.9,AQC_10_A_55.9,10.AQC.A.10,10.AQC.A.10
AQC.10.uM.Batch2.A.11,CACAGTTGAAGT,GTGTGYCAGCMGCCGCGGTAA,AQC,A,Batch2,93.9,94,8,AQC.10.uM,10,AQC.10.uM.Batch2.A.11,AQC.A.94,AQC_10_93.9,AQC_10_A_93.9,10.AQC.A.11,10.AQC.A.11
AQC.10.uM.Batch2.B.02,TCTTCCTAAAGT,GTGTGYCAGCMGCCGCGGTAA,AQC,B,Batch2,3.9,4,1,AQC.10.uM,10,AQC.10.uM.Batch2.B.02,AQC.B.4,AQC_10_3.9,AQC_10_B_3.9,10.AQC.B.2,10.AQC.B.2
AQC.10.uM.Batch2.B.04,GTCGTTACCCGC,GTGTGYCAGCMGCCGCGGTAA,AQC,B,Batch2,9.8,10,2,AQC.10.uM,10,AQC.10.uM.Batch2.B.04,AQC.B.10,AQC_10_9.8,AQC_10_B_9.8,10.AQC.B.4,10.AQC.B.4
AQC.10.uM.Batch2.B.06,CAGTGCACGTCT,GTGTGYCAGCMGCCGCGGTAA,AQC,B,Batch2,17.8,18,3,AQC.10.uM,10,AQC.10.uM.Batch2.B.06,AQC.B.18,AQC_10_17.8,AQC_10_B_17.8,10.AQC.B.6,10.AQC.B.6
AQC.10.uM.Batch2.B.07,GTTGAAGCACCT,GTGTGYCAGCMGCCGCGGTAA,AQC,B,Batch2,21.9,22,4,AQC.10.uM,10,AQC.10.uM.Batch2.B.07,AQC.B.22,AQC_10_21.9,AQC_10_B_21.9,10.AQC.B.7,10.AQC.B.7
AQC.10.uM.Batch2.B.08,ACTCACAGGAAT,GTGTGYCAGCMGCCGCGGTAA,AQC,B,Batch2,27.9,28,5,AQC.10.uM,10,AQC.10.uM.Batch2.B.08,AQC.B.28,AQC_10_27.9,AQC_10_B_27.9,10.AQC.B.8,10.AQC.B.8
AQC.10.uM.Batch2.B.09,TATCCTGGTTTC,GTGTGYCAGCMGCCGCGGTAA,AQC,B,Batch2,35,35,6,AQC.10.uM,10,AQC.10.uM.Batch2.B.09,AQC.B.35,AQC_10_35,AQC_10_B_35,10.AQC.B.9,10.AQC.B.9
AQC.10.uM.Batch2.B.10,CATTCGTGGCGT,GTGTGYCAGCMGCCGCGGTAA,AQC,B,Batch2,55.9,56,7,AQC.10.uM,10,AQC.10.uM.Batch2.B.10,AQC.B.56,AQC_10_55.9,AQC_10_B_55.9,10.AQC.B.10,10.AQC.B.10
AQC.10.uM.Batch2.B.11,CTGGTGCTGAAT,GTGTGYCAGCMGCCGCGGTAA,AQC,B,Batch2,93.9,94,8,AQC.10.uM,10,AQC.10.uM.Batch2.B.11,AQC.B.94,AQC_10_93.9,AQC_10_B_93.9,10.AQC.B.11,10.AQC.B.11
AQC.10.uM.Batch2.C.02,AGTACGCAGTCT,GTGTGYCAGCMGCCGCGGTAA,AQC,C,Batch2,3.9,4,1,AQC.10.uM,10,AQC.10.uM.Batch2.C.02,AQC.C.4,AQC_10_3.9,AQC_10_C_3.9,10.AQC.C.2,10.AQC.C.2
AQC.10.uM.Batch2.C.04,GTCAGAGTATTG,GTGTGYCAGCMGCCGCGGTAA,AQC,C,Batch2,9.8,10,2,AQC.10.uM,10,AQC.10.uM.Batch2.C.04,AQC.C.10,AQC_10_9.8,AQC_10_C_9.8,10.AQC.C.4,10.AQC.C.4
AQC.10.uM.Batch2.C.06,ATGTTCCTCATC,GTGTGYCAGCMGCCGCGGTAA,AQC,C,Batch2,17.8,18,3,AQC.10.uM,10,AQC.10.uM.Batch2.C.06,AQC.C.18,AQC_10_17.8,AQC_10_C_17.8,10.AQC.C.6,10.AQC.C.6
AQC.10.uM.Batch2.C.07,GCGGTCGGTCAG,GTGTGYCAGCMGCCGCGGTAA,AQC,C,Batch2,21.9,22,4,AQC.10.uM,10,AQC.10.uM.Batch2.C.07,AQC.C.22,AQC_10_21.9,AQC_10_C_21.9,10.AQC.C.7,10.AQC.C.7
AQC.10.uM.Batch2.C.08,CGACCTCGCATA,GTGTGYCAGCMGCCGCGGTAA,AQC,C,Batch2,27.9,28,5,AQC.10.uM,10,AQC.10.uM.Batch2.C.08,AQC.C.28,AQC_10_27.9,AQC_10_C_27.9,10.AQC.C.8,10.AQC.C.8
AQC.10.uM.Batch2.C.09,AGAGCGGAACAA,GTGTGYCAGCMGCCGCGGTAA,AQC,C,Batch2,35,35,6,AQC.10.uM,10,AQC.10.uM.Batch2.C.09,AQC.C.35,AQC_10_35,AQC_10_C_35,10.AQC.C.9,10.AQC.C.9
AQC.10.uM.Batch2.C.10,CTTGTGCGACAA,GTGTGYCAGCMGCCGCGGTAA,AQC,C,Batch2,55.9,56,7,AQC.10.uM,10,AQC.10.uM.Batch2.C.10,AQC.C.56,AQC_10_55.9,AQC_10_C_55.9,10.AQC.C.10,10.AQC.C.10
AQC.10.uM.Batch2.C.11,TCCGCTGCTGAC,GTGTGYCAGCMGCCGCGGTAA,AQC,C,Batch2,93.9,94,8,AQC.10.uM,10,AQC.10.uM.Batch2.C.11,AQC.C.94,AQC_10_93.9,AQC_10_C_93.9,10.AQC.C.11,10.AQC.C.11
AQC.100.uM.Batch2.A.02,ATTTGGCTCTTA,GTGTGYCAGCMGCCGCGGTAA,AQC,A,Batch2,3.9,4,1,AQC.100.uM,100,AQC.100.uM.Batch2.A.02,AQC.A.4,AQC_100_3.9,AQC_100_A_3.9,100.AQC.A.2,100.AQC.A.2
AQC.100.uM.Batch2.A.04,GCCTAGCCCAAT,GTGTGYCAGCMGCCGCGGTAA,AQC,A,Batch2,9.8,10,2,AQC.100.uM,100,AQC.100.uM.Batch2.A.04,AQC.A.10,AQC_100_9.8,AQC_100_A_9.8,100.AQC.A.4,100.AQC.A.4
AQC.100.uM.Batch2.A.06,GATTCTTTAGAT,GTGTGYCAGCMGCCGCGGTAA,AQC,A,Batch2,17.8,18,3,AQC.100.uM,100,AQC.100.uM.Batch2.A.06,AQC.A.18,AQC_100_17.8,AQC_100_A_17.8,100.AQC.A6,100.AQC.A6
AQC.100.uM.Batch2.A.07,TTAGGATTCTAT,GTGTGYCAGCMGCCGCGGTAA,AQC,A,Batch2,21.9,22,4,AQC.100.uM,100,AQC.100.uM.Batch2.A.07,AQC.A.22,AQC_100_21.9,AQC_100_A_21.9,100.AQC.A.7,100.AQC.A.7
AQC.100.uM.Batch2.A.08,CGGATCTAGTGT,GTGTGYCAGCMGCCGCGGTAA,AQC,A,Batch2,27.9,28,5,AQC.100.uM,100,AQC.100.uM.Batch2.A.08,AQC.A.28,AQC_100_27.9,AQC_100_A_27.9,100.AQC.A.8,100.AQC.A.8
AQC.100.uM.Batch2.A.09,GCTAGTTATGGA,GTGTGYCAGCMGCCGCGGTAA,AQC,A,Batch2,35,35,6,AQC.100.uM,100,AQC.100.uM.Batch2.A.09,AQC.A.35,AQC_100_35,AQC_100_A_35,100.AQC.A.9,100.AQC.A.9
AQC.100.uM.Batch2.A.10,CTTCCAACTCAT,GTGTGYCAGCMGCCGCGGTAA,AQC,A,Batch2,55.9,56,7,AQC.100.uM,100,AQC.100.uM.Batch2.A.10,AQC.A.56,AQC_100_55.9,AQC_100_A_55.9,100.AQC.A.10,100.AQC.A.10
AQC.100.uM.Batch2.A.11,ACATAGCGGTTC,GTGTGYCAGCMGCCGCGGTAA,AQC,A,Batch2,93.9,94,8,AQC.100.uM,100,AQC.100.uM.Batch2.A.11,AQC.A.94,AQC_100_93.9,AQC_100_A_93.9,100.AQC.A.11,100.AQC.A.11
AQC.100.uM.Batch2.B.02,GCGTGGTCATTA,GTGTGYCAGCMGCCGCGGTAA,AQC,B,Batch2,3.9,4,1,AQC.100.uM,100,AQC.100.uM.Batch2.B.02,AQC.B.4,AQC_100_3.9,AQC_100_B_3.9,100.AQC.B.2,100.AQC.B.2
AQC.100.uM.Batch2.B.04,AGGACAAACTAT,GTGTGYCAGCMGCCGCGGTAA,AQC,B,Batch2,9.8,10,2,AQC.100.uM,100,AQC.100.uM.Batch2.B.04,AQC.B.10,AQC_100_9.8,AQC_100_B_9.8,100.AQC.B.4,100.AQC.B.4
AQC.100.uM.Batch2.B.06,GGCTTCGGAGCG,GTGTGYCAGCMGCCGCGGTAA,AQC,B,Batch2,17.8,18,3,AQC.100.uM,100,AQC.100.uM.Batch2.B.06,AQC.B.18,AQC_100_17.8,AQC_100_B_17.8,100.AQC.B.6,100.AQC.B.6
AQC.100.uM.Batch2.B.07,ATGTTAGGGAAT,GTGTGYCAGCMGCCGCGGTAA,AQC,B,Batch2,21.9,22,4,AQC.100.uM,100,AQC.100.uM.Batch2.B.07,AQC.B.22,AQC_100_21.9,AQC_100_B_21.9,100.AQC.B.7,100.AQC.B.7
AQC.100.uM.Batch2.B.08,CGCGTCAAACTA,GTGTGYCAGCMGCCGCGGTAA,AQC,B,Batch2,27.9,28,5,AQC.100.uM,100,AQC.100.uM.Batch2.B.08,AQC.B.28,AQC_100_27.9,AQC_100_B_27.9,100.AQC.B.8,100.AQC.B.8
AQC.100.uM.Batch2.B.09,CCTATTGCGGCC,GTGTGYCAGCMGCCGCGGTAA,AQC,B,Batch2,35,35,6,AQC.100.uM,100,AQC.100.uM.Batch2.B.09,AQC.B.35,AQC_100_35,AQC_100_B_35,100.AQC.B.9,100.AQC.B.9
AQC.100.uM.Batch2.B.10,CTTACACTGCTT,GTGTGYCAGCMGCCGCGGTAA,AQC,B,Batch2,55.9,56,7,AQC.100.uM,100,AQC.100.uM.Batch2.B.10,AQC.B.56,AQC_100_55.9,AQC_100_B_55.9,100.AQC.B.10,100.AQC.B.10
AQC.100.uM.Batch2.B.11,CAATAGAATAAG,GTGTGYCAGCMGCCGCGGTAA,AQC,B,Batch2,93.9,94,8,AQC.100.uM,100,AQC.100.uM.Batch2.B.11,AQC.B.94,AQC_100_93.9,AQC_100_B_93.9,100.AQC.B.11,100.AQC.B.11
AQC.100.uM.Batch2.C.02,ACTAGTTGGACC,GTGTGYCAGCMGCCGCGGTAA,AQC,C,Batch2,3.9,4,1,AQC.100.uM,100,AQC.100.uM.Batch2.C.02,AQC.C.4,AQC_100_3.9,AQC_100_C_3.9,100.AQC.C.2,100.AQC.C.2
AQC.100.uM.Batch2.C.04,GATCCGGCAGGA,GTGTGYCAGCMGCCGCGGTAA,AQC,C,Batch2,9.8,10,2,AQC.100.uM,100,AQC.100.uM.Batch2.C.04,AQC.C.10,AQC_100_9.8,AQC_100_C_9.8,100.AQC.C.4,100.AQC.C.4
AQC.100.uM.Batch2.C.06,GTTAGGGAGCGA,GTGTGYCAGCMGCCGCGGTAA,AQC,C,Batch2,17.8,18,3,AQC.100.uM,100,AQC.100.uM.Batch2.C.06,AQC.C.18,AQC_100_17.8,AQC_100_C_17.8,100.AQC.C.6,100.AQC.C.6
AQC.100.uM.Batch2.C.07,GTTAAGCTGACC,GTGTGYCAGCMGCCGCGGTAA,AQC,C,Batch2,21.9,22,4,AQC.100.uM,100,AQC.100.uM.Batch2.C.07,AQC.C.22,AQC_100_21.9,AQC_100_C_21.9,100.AQC.C.7,100.AQC.C.7
AQC.100.uM.Batch2.C.08,TATACCGCTGCG,GTGTGYCAGCMGCCGCGGTAA,AQC,C,Batch2,27.9,28,5,AQC.100.uM,100,AQC.100.uM.Batch2.C.08,AQC.C.28,AQC_100_27.9,AQC_100_C_27.9,100.AQC.C.8,100.AQC.C.8
AQC.100.uM.Batch2.C.09,AAGTGGCTATCC,GTGTGYCAGCMGCCGCGGTAA,AQC,C,Batch2,35,35,6,AQC.100.uM,100,AQC.100.uM.Batch2.C.09,AQC.C.35,AQC_100_35,AQC_100_C_35,100.AQC.C.9,100.AQC.C.9
AQC.100.uM.Batch2.C.10,CCTGCACCTGCA,GTGTGYCAGCMGCCGCGGTAA,AQC,C,Batch2,55.9,56,7,AQC.100.uM,100,AQC.100.uM.Batch2.C.10,AQC.C.56,AQC_100_55.9,AQC_100_C_55.9,100.AQC.C.10,100.AQC.C.10
AQC.100.uM.Batch2.C.11,TCATCCGTCGGC,GTGTGYCAGCMGCCGCGGTAA,AQC,C,Batch2,93.9,94,8,AQC.100.uM,100,AQC.100.uM.Batch2.C.11,AQC.C.94,AQC_100_93.9,AQC_100_C_93.9,100.AQC.C.11,100.AQC.C.11
AQC.Reinoc.Batch2.A.02,CATAAATTCTTG,GTGTGYCAGCMGCCGCGGTAA,AQC,A,Batch2,?,#VALUE!,?,AQC.Reinoc,reinoc,AQC.Reinoc.Batch2.A.02,#VALUE!,AQC_reinoc_?,AQC_reinoc_A_?,2.AQC.A.2,AQC.Reinoc.A
AQC.Reinoc.Batch2.A.04,CTTTGATAATAA,GTGTGYCAGCMGCCGCGGTAA,AQC,A,Batch2,?,#VALUE!,?,AQC.Reinoc,reinoc,AQC.Reinoc.Batch2.A.04,#VALUE!,AQC_reinoc_?,AQC_reinoc_A_?,2.AQC.A.4,AQC.Reinoc.A
AQC.Reinoc.Batch2.A.06,GGCAGTGTTAAT,GTGTGYCAGCMGCCGCGGTAA,AQC,A,Batch2,?,#VALUE!,?,AQC.Reinoc,reinoc,AQC.Reinoc.Batch2.A.06,#VALUE!,AQC_reinoc_?,AQC_reinoc_A_?,2.AQC.A.6,AQC.Reinoc.A
AQC.Reinoc.Batch2.B.02,TTACCCGCACAG,GTGTGYCAGCMGCCGCGGTAA,AQC,B,Batch2,?,#VALUE!,?,AQC.Reinoc,reinoc,AQC.Reinoc.Batch2.B.02,#VALUE!,AQC_reinoc_?,AQC_reinoc_B_?,2.AQC.B.2,AQC.Reinoc.B
AQC.Reinoc.Batch2.B.04,CATGAGACTGTA,GTGTGYCAGCMGCCGCGGTAA,AQC,B,Batch2,?,#VALUE!,?,AQC.Reinoc,reinoc,AQC.Reinoc.Batch2.B.04,#VALUE!,AQC_reinoc_?,AQC_reinoc_B_?,2.AQC.B4,AQC.Reinoc.B
AQC.Reinoc.Batch2.B.06,TGAGCGCACGCG,GTGTGYCAGCMGCCGCGGTAA,AQC,B,Batch2,?,#VALUE!,?,AQC.Reinoc,reinoc,AQC.Reinoc.Batch2.B.06,#VALUE!,AQC_reinoc_?,AQC_reinoc_B_?,2.AQC.B6,AQC.Reinoc.B
AQC.Reinoc.Batch2.B.07,CTTCGCGGATGT,GTGTGYCAGCMGCCGCGGTAA,AQC,B,Batch2,?,#VALUE!,?,AQC.Reinoc,reinoc,AQC.Reinoc.Batch2.B.07,#VALUE!,AQC_reinoc_?,AQC_reinoc_B_?,2.AQC.B7,AQC.Reinoc.B
AQC.Reinoc.Batch2.B.08,GACCATGTAGTA,GTGTGYCAGCMGCCGCGGTAA,AQC,B,Batch2,?,#VALUE!,?,AQC.Reinoc,reinoc,AQC.Reinoc.Batch2.B.08,#VALUE!,AQC_reinoc_?,AQC_reinoc_B_?,2.AQC.B8,AQC.Reinoc.B
AQC.Reinoc.Batch2.B.09,GCTTATTGCTTA,GTGTGYCAGCMGCCGCGGTAA,AQC,B,Batch2,?,#VALUE!,?,AQC.Reinoc,reinoc,AQC.Reinoc.Batch2.B.09,#VALUE!,AQC_reinoc_?,AQC_reinoc_B_?,2.AQC.B9,AQC.Reinoc.B
AQC.Reinoc.Batch2.B.10,CTGTAAAGGTTG,GTGTGYCAGCMGCCGCGGTAA,AQC,B,Batch2,?,#VALUE!,?,AQC.Reinoc,reinoc,AQC.Reinoc.Batch2.B.10,#VALUE!,AQC_reinoc_?,AQC_reinoc_B_?,2.AQC.B.10,AQC.Reinoc.B
AQC.Reinoc.Batch2.B.11,ATCGTTATATCA,GTGTGYCAGCMGCCGCGGTAA,AQC,B,Batch2,?,#VALUE!,?,AQC.Reinoc,reinoc,AQC.Reinoc.Batch2.B.11,#VALUE!,AQC_reinoc_?,AQC_reinoc_B_?,2.AQC.B.11,AQC.Reinoc.B
AQC.Reinoc.Batch2.C.02,TGGGACATATCC,GTGTGYCAGCMGCCGCGGTAA,AQC,C,Batch2,?,#VALUE!,?,AQC.Reinoc,reinoc,AQC.Reinoc.Batch2.C.02,#VALUE!,AQC_reinoc_?,AQC_reinoc_C_?,2.AQC.C.2,AQC.Reinoc.C
AQC.Reinoc.Batch2.C.04,ACGGTGAAAGCG,GTGTGYCAGCMGCCGCGGTAA,AQC,C,Batch2,?,#VALUE!,?,AQC.Reinoc,reinoc,AQC.Reinoc.Batch2.C.04,#VALUE!,AQC_reinoc_?,AQC_reinoc_C_?,2.AQC.C4,AQC.Reinoc.C
AQC.Reinoc.Batch2.C.06,ACGACCTACGCT,GTGTGYCAGCMGCCGCGGTAA,AQC,C,Batch2,?,#VALUE!,?,AQC.Reinoc,reinoc,AQC.Reinoc.Batch2.C.06,#VALUE!,AQC_reinoc_?,AQC_reinoc_C_?,2.AQC.C6,AQC.Reinoc.C
AQC.Reinoc.Batch2.C.07,GCCTTACGATAG,GTGTGYCAGCMGCCGCGGTAA,AQC,C,Batch2,?,#VALUE!,?,AQC.Reinoc,reinoc,AQC.Reinoc.Batch2.C.07,#VALUE!,AQC_reinoc_?,AQC_reinoc_C_?,2.AQC.C7,AQC.Reinoc.C
AQC.Reinoc.Batch2.C.08,AACCGATGTACC,GTGTGYCAGCMGCCGCGGTAA,AQC,C,Batch2,?,#VALUE!,?,AQC.Reinoc,reinoc,AQC.Reinoc.Batch2.C.08,#VALUE!,AQC_reinoc_?,AQC_reinoc_C_?,2.AQC.C8,AQC.Reinoc.C
AQC.Reinoc.Batch2.C.09,AAGATTTGCAGC,GTGTGYCAGCMGCCGCGGTAA,AQC,C,Batch2,?,#VALUE!,?,AQC.Reinoc,reinoc,AQC.Reinoc.Batch2.C.09,#VALUE!,AQC_reinoc_?,AQC_reinoc_C_?,2.AQC.C9,AQC.Reinoc.C
AQC.Reinoc.Batch2.C.10,GTGCGAGGACAA,GTGTGYCAGCMGCCGCGGTAA,AQC,C,Batch2,?,#VALUE!,?,AQC.Reinoc,reinoc,AQC.Reinoc.Batch2.C.10,#VALUE!,AQC_reinoc_?,AQC_reinoc_C_?,2.AQC.C.10,AQC.Reinoc.C
AQC.Reinoc.Batch2.C.11,TACTTAAACATC,GTGTGYCAGCMGCCGCGGTAA,AQC,C,Batch2,?,#VALUE!,?,AQC.Reinoc,reinoc,AQC.Reinoc.Batch2.C.11,#VALUE!,AQC_reinoc_?,AQC_reinoc_C_?,2.AQC.C.11,AQC.Reinoc.C
AQC.H2.CO2.100.uM.Batch2.A.02,CTTAGGCATGTG,GTGTGYCAGCMGCCGCGGTAA,AQC,A,Batch2,3.9,4,1,AQC.H2.CO2.100.uM,100,AQC.H2.CO2.100.uM.Batch2.A.02,AQC.A.4,AQC_100_3.9,AQC_100_A_3.9,CH.A.2,CH.A.2
AQC.H2.CO2.100.uM.Batch2.A.04,GAACGATCATGT,GTGTGYCAGCMGCCGCGGTAA,AQC,A,Batch2,9.8,10,2,AQC.H2.CO2.100.uM,100,AQC.H2.CO2.100.uM.Batch2.A.04,AQC.A.10,AQC_100_9.8,AQC_100_A_9.8,CH.A.4,CH.A.4
AQC.H2.CO2.100.uM.Batch2.A.06,TGAACCCTATGG,GTGTGYCAGCMGCCGCGGTAA,AQC,A,Batch2,17.8,18,3,AQC.H2.CO2.100.uM,100,AQC.H2.CO2.100.uM.Batch2.A.06,AQC.A.18,AQC_100_17.8,AQC_100_A_17.8,CH.A.6,CH.A.6
AQC.H2.CO2.100.uM.Batch2.A.07,GCAAAGGCCCGC,GTGTGYCAGCMGCCGCGGTAA,AQC,A,Batch2,21.9,22,4,AQC.H2.CO2.100.uM,100,AQC.H2.CO2.100.uM.Batch2.A.07,AQC.A.22,AQC_100_21.9,AQC_100_A_21.9,CH.A.7,CH.A.7
AQC.H2.CO2.100.uM.Batch2.A.08,ACAAAGGTATCA,GTGTGYCAGCMGCCGCGGTAA,AQC,A,Batch2,27.9,28,5,AQC.H2.CO2.100.uM,100,AQC.H2.CO2.100.uM.Batch2.A.08,AQC.A.28,AQC_100_27.9,AQC_100_A_27.9,CH.A.8,CH.A.8
AQC.H2.CO2.100.uM.Batch2.A.09,TCAGTCAGATGA,GTGTGYCAGCMGCCGCGGTAA,AQC,A,Batch2,35,35,6,AQC.H2.CO2.100.uM,100,AQC.H2.CO2.100.uM.Batch2.A.09,AQC.A.35,AQC_100_35,AQC_100_A_35,CH.A.9,CH.A.9
AQC.H2.CO2.100.uM.Batch2.A.10,TGCGCGCCTTCC,GTGTGYCAGCMGCCGCGGTAA,AQC,A,Batch2,55.9,56,7,AQC.H2.CO2.100.uM,100,AQC.H2.CO2.100.uM.Batch2.A.10,AQC.A.56,AQC_100_55.9,AQC_100_A_55.9,CH.A.10,CH.A.10
AQC.H2.CO2.100.uM.Batch2.B.02,ATGCCGGTAATA,GTGTGYCAGCMGCCGCGGTAA,AQC,B,Batch2,3.9,4,1,AQC.H2.CO2.100.uM,100,AQC.H2.CO2.100.uM.Batch2.B.02,AQC.B.4,AQC_100_3.9,AQC_100_B_3.9,CH.B.2,CH.B.2
AQC.H2.CO2.100.uM.Batch2.B.04,CTCCACATTCCT,GTGTGYCAGCMGCCGCGGTAA,AQC,B,Batch2,9.8,10,2,AQC.H2.CO2.100.uM,100,AQC.H2.CO2.100.uM.Batch2.B.04,AQC.B.10,AQC_100_9.8,AQC_100_B_9.8,CH.B.4,CH.B.4
AQC.H2.CO2.100.uM.Batch2.B.06,TTGGACGTCCAC,GTGTGYCAGCMGCCGCGGTAA,AQC,B,Batch2,17.8,18,3,AQC.H2.CO2.100.uM,100,AQC.H2.CO2.100.uM.Batch2.B.06,AQC.B.18,AQC_100_17.8,AQC_100_B_17.8,CH.B.6,CH.B.6
AQC.H2.CO2.100.uM.Batch2.B.07,CTGCGGATATAC,GTGTGYCAGCMGCCGCGGTAA,AQC,B,Batch2,21.9,22,4,AQC.H2.CO2.100.uM,100,AQC.H2.CO2.100.uM.Batch2.B.07,AQC.B.22,AQC_100_21.9,AQC_100_B_21.9,CH.B.7,CH.B.7
AQC.H2.CO2.100.uM.Batch2.B.08,GCGCTTAGAATA,GTGTGYCAGCMGCCGCGGTAA,AQC,B,Batch2,27.9,28,5,AQC.H2.CO2.100.uM,100,AQC.H2.CO2.100.uM.Batch2.B.08,AQC.B.28,AQC_100_27.9,AQC_100_B_27.9,CH.B.8,CH.B.8
AQC.H2.CO2.100.uM.Batch2.B.09,CGAACGTCTATG,GTGTGYCAGCMGCCGCGGTAA,AQC,B,Batch2,35,35,6,AQC.H2.CO2.100.uM,100,AQC.H2.CO2.100.uM.Batch2.B.09,AQC.B.35,AQC_100_35,AQC_100_B_35,CH.B.9,CH.B.9
AQC.H2.CO2.100.uM.Batch2.B.10,ACATGGGCGGAA,GTGTGYCAGCMGCCGCGGTAA,AQC,B,Batch2,55.9,56,7,AQC.H2.CO2.100.uM,100,AQC.H2.CO2.100.uM.Batch2.B.10,AQC.B.56,AQC_100_55.9,AQC_100_B_55.9,CH.B.10,CH.B.10
AQC.H2.CO2.100.uM.Batch2.C.02,TAGCGCGAACTT,GTGTGYCAGCMGCCGCGGTAA,AQC,C,Batch2,3.9,4,1,AQC.H2.CO2.100.uM,100,AQC.H2.CO2.100.uM.Batch2.C.02,AQC.C.4,AQC_100_3.9,AQC_100_C_3.9,CH.C.2,CH.C.2
AQC.H2.CO2.100.uM.Batch2.C.04,AACGGGCGACGT,GTGTGYCAGCMGCCGCGGTAA,AQC,C,Batch2,9.8,10,2,AQC.H2.CO2.100.uM,100,AQC.H2.CO2.100.uM.Batch2.C.04,AQC.C.10,AQC_100_9.8,AQC_100_C_9.8,CH.C.4,CH.C.4
AQC.H2.CO2.100.uM.Batch2.C.06,GACATCTGACAC,GTGTGYCAGCMGCCGCGGTAA,AQC,C,Batch2,17.8,18,3,AQC.H2.CO2.100.uM,100,AQC.H2.CO2.100.uM.Batch2.C.06,AQC.C.18,AQC_100_17.8,AQC_100_C_17.8,CH.C.6,CH.C.6
AQC.H2.CO2.100.uM.Batch2.C.07,GTAAACGACTTG,GTGTGYCAGCMGCCGCGGTAA,AQC,C,Batch2,21.9,22,4,AQC.H2.CO2.100.uM,100,AQC.H2.CO2.100.uM.Batch2.C.07,AQC.C.22,AQC_100_21.9,AQC_100_C_21.9,CH.C.7,CH.C.7
AQC.H2.CO2.100.uM.Batch2.C.08,CTGGTCTTACGG,GTGTGYCAGCMGCCGCGGTAA,AQC,C,Batch2,27.9,28,5,AQC.H2.CO2.100.uM,100,AQC.H2.CO2.100.uM.Batch2.C.08,AQC.C.28,AQC_100_27.9,AQC_100_C_27.9,CH.C.8,CH.C.8
AQC.H2.CO2.100.uM.Batch2.C.09,GTTGGTTGGCAT,GTGTGYCAGCMGCCGCGGTAA,AQC,C,Batch2,35,35,6,AQC.H2.CO2.100.uM,100,AQC.H2.CO2.100.uM.Batch2.C.09,AQC.C.35,AQC_100_35,AQC_100_C_35,CH.C.9,CH.C.9
AQC.H2.CO2.100.uM.Batch2.C.10,GGCTCGTCGGAG,GTGTGYCAGCMGCCGCGGTAA,AQC,C,Batch2,55.9,56,7,AQC.H2.CO2.100.uM,100,AQC.H2.CO2.100.uM.Batch2.C.10,AQC.C.56,AQC_100_55.9,AQC_100_C_55.9,CH.C.10,CH.C.10
Inoculum.eShuttle.Batch2,ATGTAGGCTTAG,GTGTGYCAGCMGCCGCGGTAA,Inoculum,inoc,Batch2,0,0,0,inoc,inoc,Inoculum.eShuttle.Batch2,Inoculum.inoc.0,Inoculum_inoc_0,Inoculum_inoc_inoc_0,eshuttle.2.inoculum,eshuttle.2.inoculum
Microcosm.AQC.100.uM.Batch2.A.02,GGTCGAATTGCT,GTGTGYCAGCMGCCGCGGTAA,AQC,A,Batch2,4.9,5,1,Microcosm.AQC.100.uM,100,Microcosm.AQC.100.uM.Batch2.A.02,AQC.A.5,AQC_100_4.9,AQC_100_A_4.9,MC.A.2,MC.A.2
Microcosm.AQC.100.uM.Batch2.A.03,TCAACTATGTCT,GTGTGYCAGCMGCCGCGGTAA,AQC,A,Batch2,8.2,8,2,Microcosm.AQC.100.uM,100,Microcosm.AQC.100.uM.Batch2.A.03,AQC.A.8,AQC_100_8.2,AQC_100_A_8.2,MC.A.3,MC.A.3
Microcosm.AQC.100.uM.Batch2.A.04,TATAGAAGAATG,GTGTGYCAGCMGCCGCGGTAA,AQC,A,Batch2,10.8,11,3,Microcosm.AQC.100.uM,100,Microcosm.AQC.100.uM.Batch2.A.04,AQC.A.11,AQC_100_10.8,AQC_100_A_10.8,MC.A.4,MC.A.4
Microcosm.AQC.100.uM.Batch2.A.06,CTAATATTTGAA,GTGTGYCAGCMGCCGCGGTAA,AQC,A,Batch2,18.2,18,4,Microcosm.AQC.100.uM,100,Microcosm.AQC.100.uM.Batch2.A.06,AQC.A.18,AQC_100_18.2,AQC_100_A_18.2,MC.A.6,MC.A.6
Microcosm.AQC.100.uM.Batch2.A.07,GAGCATTACATG,GTGTGYCAGCMGCCGCGGTAA,AQC,A,Batch2,21.9,22,5,Microcosm.AQC.100.uM,100,Microcosm.AQC.100.uM.Batch2.A.07,AQC.A.22,AQC_100_21.9,AQC_100_A_21.9,MC.A.7,MC.A.7
Microcosm.AQC.100.uM.Batch2.A.08,ATATACCTGCGG,GTGTGYCAGCMGCCGCGGTAA,AQC,A,Batch2,28.9,29,6,Microcosm.AQC.100.uM,100,Microcosm.AQC.100.uM.Batch2.A.08,AQC.A.29,AQC_100_28.9,AQC_100_A_28.9,MC.A.8,MC.A.8
Microcosm.AQC.100.uM.Batch2.A.09,GATGCGCAGGAC,GTGTGYCAGCMGCCGCGGTAA,AQC,A,Batch2,38.2,38,7,Microcosm.AQC.100.uM,100,Microcosm.AQC.100.uM.Batch2.A.09,AQC.A.38,AQC_100_38.2,AQC_100_A_38.2,MC.A.9,MC.A.9
Microcosm.AQC.100.uM.Batch2.A.10,CTCACGCAATGC,GTGTGYCAGCMGCCGCGGTAA,AQC,A,Batch2,56.2,56,8,Microcosm.AQC.100.uM,100,Microcosm.AQC.100.uM.Batch2.A.10,AQC.A.56,AQC_100_56.2,AQC_100_A_56.2,MC.A.10,MC.A.10
Microcosm.AQC.100.uM.Batch2.B.02,CAATATTCAATA,GTGTGYCAGCMGCCGCGGTAA,AQC,B,Batch2,4.9,5,1,Microcosm.AQC.100.uM,100,Microcosm.AQC.100.uM.Batch2.B.02,AQC.B.5,AQC_100_4.9,AQC_100_B_4.9,MC.B.2,MC.B.2
Microcosm.AQC.100.uM.Batch2.B.03,AAGTGCTTGGTA,GTGTGYCAGCMGCCGCGGTAA,AQC,B,Batch2,8.2,8,2,Microcosm.AQC.100.uM,100,Microcosm.AQC.100.uM.Batch2.B.03,AQC.B.8,AQC_100_8.2,AQC_100_B_8.2,MC.B.3,MC.B.3
Microcosm.AQC.100.uM.Batch2.B.04,GCGGAGCACGTC,GTGTGYCAGCMGCCGCGGTAA,AQC,B,Batch2,10.8,11,3,Microcosm.AQC.100.uM,100,Microcosm.AQC.100.uM.Batch2.B.04,AQC.B.11,AQC_100_10.8,AQC_100_B_10.8,MC.B.4,MC.B.4
Microcosm.AQC.100.uM.Batch2.B.06,TCCCGCCTACGC,GTGTGYCAGCMGCCGCGGTAA,AQC,B,Batch2,18.2,18,4,Microcosm.AQC.100.uM,100,Microcosm.AQC.100.uM.Batch2.B.06,AQC.B.18,AQC_100_18.2,AQC_100_B_18.2,MC.B.6,MC.B.6
Microcosm.AQC.100.uM.Batch2.B.07,CCTGGTGTCCGT,GTGTGYCAGCMGCCGCGGTAA,AQC,B,Batch2,21.9,22,5,Microcosm.AQC.100.uM,100,Microcosm.AQC.100.uM.Batch2.B.07,AQC.B.22,AQC_100_21.9,AQC_100_B_21.9,MC.B.7,MC.B.7
Microcosm.AQC.100.uM.Batch2.B.08,GGTCCCGAAATT,GTGTGYCAGCMGCCGCGGTAA,AQC,B,Batch2,28.9,29,6,Microcosm.AQC.100.uM,100,Microcosm.AQC.100.uM.Batch2.B.08,AQC.B.29,AQC_100_28.9,AQC_100_B_28.9,MC.B.8,MC.B.8
Microcosm.AQC.100.uM.Batch2.B.09,ACGGCCCTGGAG,GTGTGYCAGCMGCCGCGGTAA,AQC,B,Batch2,38.2,38,7,Microcosm.AQC.100.uM,100,Microcosm.AQC.100.uM.Batch2.B.09,AQC.B.38,AQC_100_38.2,AQC_100_B_38.2,MC.B.9,MC.B.9
Microcosm.AQC.100.uM.Batch2.B.10,ACGCCGAGGTAG,GTGTGYCAGCMGCCGCGGTAA,AQC,B,Batch2,56.2,56,8,Microcosm.AQC.100.uM,100,Microcosm.AQC.100.uM.Batch2.B.10,AQC.B.56,AQC_100_56.2,AQC_100_B_56.2,MC.B.10,MC.B.10
Microcosm.AQC.100.uM.Batch2.C.02,TATATAGTATCC,GTGTGYCAGCMGCCGCGGTAA,AQC,C,Batch2,4.9,5,1,Microcosm.AQC.100.uM,100,Microcosm.AQC.100.uM.Batch2.C.02,AQC.C.5,AQC_100_4.9,AQC_100_C_4.9,MC.C.2,MC.C.2
Microcosm.AQC.100.uM.Batch2.C.03,TGGCATGTTGGT,GTGTGYCAGCMGCCGCGGTAA,AQC,C,Batch2,8.2,8,2,Microcosm.AQC.100.uM,100,Microcosm.AQC.100.uM.Batch2.C.03,AQC.C.8,AQC_100_8.2,AQC_100_C_8.2,MC.C.3,MC.C.3
Microcosm.AQC.100.uM.Batch2.C.04,GTGTGCTAACGT,GTGTGYCAGCMGCCGCGGTAA,AQC,C,Batch2,10.8,11,3,Microcosm.AQC.100.uM,100,Microcosm.AQC.100.uM.Batch2.C.04,AQC.C.11,AQC_100_10.8,AQC_100_C_10.8,MC.C.4,MC.C.4
Microcosm.AQC.100.uM.Batch2.C.06,TGAGTTCGGTCC,GTGTGYCAGCMGCCGCGGTAA,AQC,C,Batch2,18.2,18,4,Microcosm.AQC.100.uM,100,Microcosm.AQC.100.uM.Batch2.C.06,AQC.C.18,AQC_100_18.2,AQC_100_C_18.2,MC.C.6,MC.C.6
Microcosm.AQC.100.uM.Batch2.C.07,AGACAAGCTTCC,GTGTGYCAGCMGCCGCGGTAA,AQC,C,Batch2,21.9,22,5,Microcosm.AQC.100.uM,100,Microcosm.AQC.100.uM.Batch2.C.07,AQC.C.22,AQC_100_21.9,AQC_100_C_21.9,MC.C.7,MC.C.7
Microcosm.AQC.100.uM.Batch2.C.08,TATAATCCGAGG,GTGTGYCAGCMGCCGCGGTAA,AQC,C,Batch2,28.9,29,6,Microcosm.AQC.100.uM,100,Microcosm.AQC.100.uM.Batch2.C.08,AQC.C.29,AQC_100_28.9,AQC_100_C_28.9,MC.C.8,MC.C.8
Microcosm.AQC.100.uM.Batch2.C.09,ATAGACACTCCG,GTGTGYCAGCMGCCGCGGTAA,AQC,C,Batch2,38.2,38,7,Microcosm.AQC.100.uM,100,Microcosm.AQC.100.uM.Batch2.C.09,AQC.C.38,AQC_100_38.2,AQC_100_C_38.2,MC.C.9,MC.C.9
Microcosm.AQC.100.uM.Batch2.C.10,AGCACCGGTCTT,GTGTGYCAGCMGCCGCGGTAA,AQC,C,Batch2,56.2,56,8,Microcosm.AQC.100.uM,100,Microcosm.AQC.100.uM.Batch2.C.10,AQC.C.56,AQC_100_56.2,AQC_100_C_56.2,MC.C.10,MC.C.10
Microcosm.AQC.1000.uM.Batch2.A.02,ATAAAGAGGAGG,GTGTGYCAGCMGCCGCGGTAA,AQC,A,Batch2,4.9,5,1,Microcosm.AQC.1000.uM,1000,Microcosm.AQC.1000.uM.Batch2.A.02,AQC.A.5,AQC_1000_4.9,AQC_1000_A_4.9,MIC.A.2,MIC.A.2
Microcosm.AQC.1000.uM.Batch2.A.03,AGTTTGCGAGAT,GTGTGYCAGCMGCCGCGGTAA,AQC,A,Batch2,8.2,8,2,Microcosm.AQC.1000.uM,1000,Microcosm.AQC.1000.uM.Batch2.A.03,AQC.A.8,AQC_1000_8.2,AQC_1000_A_8.2,MIC.A.3,MIC.A.3
Microcosm.AQC.1000.uM.Batch2.A.04,AAGCTAAAGCTA,GTGTGYCAGCMGCCGCGGTAA,AQC,A,Batch2,10.8,11,3,Microcosm.AQC.1000.uM,1000,Microcosm.AQC.1000.uM.Batch2.A.04,AQC.A.11,AQC_1000_10.8,AQC_1000_A_10.8,MIC.A.4,MIC.A.4
Microcosm.AQC.1000.uM.Batch2.A.06,ACCCTGGGTATC,GTGTGYCAGCMGCCGCGGTAA,AQC,A,Batch2,18.2,18,4,Microcosm.AQC.1000.uM,1000,Microcosm.AQC.1000.uM.Batch2.A.06,AQC.A.18,AQC_1000_18.2,AQC_1000_A_18.2,MIC.A.6,MIC.A.6
Microcosm.AQC.1000.uM.Batch2.A.07,GGAAGCTTAACT,GTGTGYCAGCMGCCGCGGTAA,AQC,A,Batch2,21.9,22,5,Microcosm.AQC.1000.uM,1000,Microcosm.AQC.1000.uM.Batch2.A.07,AQC.A.22,AQC_1000_21.9,AQC_1000_A_21.9,MIC.A.7,MIC.A.7
Microcosm.AQC.1000.uM.Batch2.A.08,GACAATTCCGAA,GTGTGYCAGCMGCCGCGGTAA,AQC,A,Batch2,28.9,29,6,Microcosm.AQC.1000.uM,1000,Microcosm.AQC.1000.uM.Batch2.A.08,AQC.A.29,AQC_1000_28.9,AQC_1000_A_28.9,MIC.A.8,MIC.A.8
Microcosm.AQC.1000.uM.Batch2.A.09,AGACAGTAGGAG,GTGTGYCAGCMGCCGCGGTAA,AQC,A,Batch2,38.2,38,7,Microcosm.AQC.1000.uM,1000,Microcosm.AQC.1000.uM.Batch2.A.09,AQC.A.38,AQC_1000_38.2,AQC_1000_A_38.2,MIC.A.9,MIC.A.9
Microcosm.AQC.1000.uM.Batch2.A.10,TGAAAGCGGCGA,GTGTGYCAGCMGCCGCGGTAA,AQC,A,Batch2,56.2,56,8,Microcosm.AQC.1000.uM,1000,Microcosm.AQC.1000.uM.Batch2.A.10,AQC.A.56,AQC_1000_56.2,AQC_1000_A_56.2,MIC.A.10,MIC.A.10
Microcosm.AQC.1000.uM.Batch2.B.02,ATGCAACTCGAA,GTGTGYCAGCMGCCGCGGTAA,AQC,B,Batch2,4.9,5,1,Microcosm.AQC.1000.uM,1000,Microcosm.AQC.1000.uM.Batch2.B.02,AQC.B.5,AQC_1000_4.9,AQC_1000_B_4.9,MIC.B.2,MIC.B.2
Microcosm.AQC.1000.uM.Batch2.B.03,ATCATCTCGGCG,GTGTGYCAGCMGCCGCGGTAA,AQC,B,Batch2,8.2,8,2,Microcosm.AQC.1000.uM,1000,Microcosm.AQC.1000.uM.Batch2.B.03,AQC.B.8,AQC_1000_8.2,AQC_1000_B_8.2,MIC.B.3,MIC.B.3
Microcosm.AQC.1000.uM.Batch2.B.04,ACTGTTTACTGT,GTGTGYCAGCMGCCGCGGTAA,AQC,B,Batch2,10.8,11,3,Microcosm.AQC.1000.uM,1000,Microcosm.AQC.1000.uM.Batch2.B.04,AQC.B.11,AQC_1000_10.8,AQC_1000_B_10.8,MIC.B.4,MIC.B.4
Microcosm.AQC.1000.uM.Batch2.B.06,CTCAGGAGACTT,GTGTGYCAGCMGCCGCGGTAA,AQC,B,Batch2,18.2,18,4,Microcosm.AQC.1000.uM,1000,Microcosm.AQC.1000.uM.Batch2.B.06,AQC.B.18,AQC_1000_18.2,AQC_1000_B_18.2,MIC.B.6,MIC.B.6
Microcosm.AQC.1000.uM.Batch2.B.07,CATCCTGAGCAA,GTGTGYCAGCMGCCGCGGTAA,AQC,B,Batch2,21.9,22,5,Microcosm.AQC.1000.uM,1000,Microcosm.AQC.1000.uM.Batch2.B.07,AQC.B.22,AQC_1000_21.9,AQC_1000_B_21.9,MIC.B.7,MIC.B.7
Microcosm.AQC.1000.uM.Batch2.B.08,GTGACTAGTGAT,GTGTGYCAGCMGCCGCGGTAA,AQC,B,Batch2,28.9,29,6,Microcosm.AQC.1000.uM,1000,Microcosm.AQC.1000.uM.Batch2.B.08,AQC.B.29,AQC_1000_28.9,AQC_1000_B_28.9,MIC.B.8,MIC.B.8
Microcosm.AQC.1000.uM.Batch2.B.09,TGACGAGGGCTG,GTGTGYCAGCMGCCGCGGTAA,AQC,B,Batch2,38.2,38,7,Microcosm.AQC.1000.uM,1000,Microcosm.AQC.1000.uM.Batch2.B.09,AQC.B.38,AQC_1000_38.2,AQC_1000_B_38.2,MIC.B.9,MIC.B.9
Microcosm.AQC.1000.uM.Batch2.B.10,CTTCAAGATGGA,GTGTGYCAGCMGCCGCGGTAA,AQC,B,Batch2,56.2,56,8,Microcosm.AQC.1000.uM,1000,Microcosm.AQC.1000.uM.Batch2.B.10,AQC.B.56,AQC_1000_56.2,AQC_1000_B_56.2,MIC.B.10,MIC.B.10
Microcosm.AQC.1000.uM.Batch2.C.02,TCATGTGAACGA,GTGTGYCAGCMGCCGCGGTAA,AQC,C,Batch2,4.9,5,1,Microcosm.AQC.1000.uM,1000,Microcosm.AQC.1000.uM.Batch2.C.02,AQC.C.5,AQC_1000_4.9,AQC_1000_C_4.9,MIC.C.2,MIC.C.2
Microcosm.AQC.1000.uM.Batch2.C.03,CACTTGCTCTCT,GTGTGYCAGCMGCCGCGGTAA,AQC,C,Batch2,8.2,8,2,Microcosm.AQC.1000.uM,1000,Microcosm.AQC.1000.uM.Batch2.C.03,AQC.C.8,AQC_1000_8.2,AQC_1000_C_8.2,MIC.C.3,MIC.C.3
Microcosm.AQC.1000.uM.Batch2.C.04,ACAATCCCGAGT,GTGTGYCAGCMGCCGCGGTAA,AQC,C,Batch2,10.8,11,3,Microcosm.AQC.1000.uM,1000,Microcosm.AQC.1000.uM.Batch2.C.04,AQC.C.11,AQC_1000_10.8,AQC_1000_C_10.8,MIC.C.4,MIC.C.4
Microcosm.AQC.1000.uM.Batch2.C.06,GTTCCCAACGGT,GTGTGYCAGCMGCCGCGGTAA,AQC,C,Batch2,18.2,18,4,Microcosm.AQC.1000.uM,1000,Microcosm.AQC.1000.uM.Batch2.C.06,AQC.C.18,AQC_1000_18.2,AQC_1000_C_18.2,MIC.C.6,MIC.C.6
Microcosm.AQC.1000.uM.Batch2.C.07,ATAATCTAATCC,GTGTGYCAGCMGCCGCGGTAA,AQC,C,Batch2,21.9,22,5,Microcosm.AQC.1000.uM,1000,Microcosm.AQC.1000.uM.Batch2.C.07,AQC.C.22,AQC_1000_21.9,AQC_1000_C_21.9,MIC.C.7,MIC.C.7
Microcosm.AQC.1000.uM.Batch2.C.08,TAGGTCTAGGTC,GTGTGYCAGCMGCCGCGGTAA,AQC,C,Batch2,28.9,29,6,Microcosm.AQC.1000.uM,1000,Microcosm.AQC.1000.uM.Batch2.C.08,AQC.C.29,AQC_1000_28.9,AQC_1000_C_28.9,MIC.C.8,MIC.C.8
Microcosm.AQC.1000.uM.Batch2.C.09,GTTCCATCGGCC,GTGTGYCAGCMGCCGCGGTAA,AQC,C,Batch2,38.2,38,7,Microcosm.AQC.1000.uM,1000,Microcosm.AQC.1000.uM.Batch2.C.09,AQC.C.38,AQC_1000_38.2,AQC_1000_C_38.2,MIC.C.9,MIC.C.9
Microcosm.AQC.1000.uM.Batch2.C.10,CACAATACACCG,GTGTGYCAGCMGCCGCGGTAA,AQC,C,Batch2,56.2,56,8,Microcosm.AQC.1000.uM,1000,Microcosm.AQC.1000.uM.Batch2.C.10,AQC.C.56,AQC_1000_56.2,AQC_1000_C_56.2,MIC.C.10,MIC.C.10
No.Shuttle.Control.Batch2.A.02,GTTCGGTGTCCA,GTGTGYCAGCMGCCGCGGTAA,no.shuttle,A,Batch2,3.9,4,1,No.Shuttle.Control,none,No.Shuttle.Control.Batch2.A.02,no.shuttle.A.4,no.shuttle_none_3.9,no.shuttle_none_A_3.9,NS.A.2,NS.A.2
No.Shuttle.Control.Batch2.A.04,CTAACCTCATAT,GTGTGYCAGCMGCCGCGGTAA,no.shuttle,A,Batch2,9.8,10,2,No.Shuttle.Control,none,No.Shuttle.Control.Batch2.A.04,no.shuttle.A.10,no.shuttle_none_9.8,no.shuttle_none_A_9.8,NS.A.4,NS.A.4
No.Shuttle.Control.Batch2.A.06,TGGCCGTTACTG,GTGTGYCAGCMGCCGCGGTAA,no.shuttle,A,Batch2,17.8,18,3,No.Shuttle.Control,none,No.Shuttle.Control.Batch2.A.06,no.shuttle.A.18,no.shuttle_none_17.8,no.shuttle_none_A_17.8,NS.A.6,NS.A.6
No.Shuttle.Control.Batch2.A.07,ATTTGAAGAGGT,GTGTGYCAGCMGCCGCGGTAA,no.shuttle,A,Batch2,21.9,22,4,No.Shuttle.Control,none,No.Shuttle.Control.Batch2.A.07,no.shuttle.A.22,no.shuttle_none_21.9,no.shuttle_none_A_21.9,NS.A.7,NS.A.7
No.Shuttle.Control.Batch2.A.08,CTTCGGAGGGAG,GTGTGYCAGCMGCCGCGGTAA,no.shuttle,A,Batch2,27.9,28,5,No.Shuttle.Control,none,No.Shuttle.Control.Batch2.A.08,no.shuttle.A.28,no.shuttle_none_27.9,no.shuttle_none_A_27.9,NS.A.8,NS.A.8
No.Shuttle.Control.Batch2.A.09,GGTAATAGAGTT,GTGTGYCAGCMGCCGCGGTAA,no.shuttle,A,Batch2,35,35,6,No.Shuttle.Control,none,No.Shuttle.Control.Batch2.A.09,no.shuttle.A.35,no.shuttle_none_35,no.shuttle_none_A_35,NS.A.9,NS.A.9
No.Shuttle.Control.Batch2.A.10,CGTGGTGGGAAC,GTGTGYCAGCMGCCGCGGTAA,no.shuttle,A,Batch2,55.9,56,7,No.Shuttle.Control,none,No.Shuttle.Control.Batch2.A.10,no.shuttle.A.56,no.shuttle_none_55.9,no.shuttle_none_A_55.9,NS.A.10,NS.A.10
No.Shuttle.Control.Batch2.A.11,AGTATCATATAT,GTGTGYCAGCMGCCGCGGTAA,no.shuttle,A,Batch2,93.9,94,8,No.Shuttle.Control,none,No.Shuttle.Control.Batch2.A.11,no.shuttle.A.94,no.shuttle_none_93.9,no.shuttle_none_A_93.9,NS.A.11,NS.A.11
No.Shuttle.Control.Batch2.B.02,CTACCGATTGCG,GTGTGYCAGCMGCCGCGGTAA,no.shuttle,B,Batch2,3.9,4,1,No.Shuttle.Control,none,No.Shuttle.Control.Batch2.B.02,no.shuttle.B.4,no.shuttle_none_3.9,no.shuttle_none_B_3.9,NS.B.2,NS.B.2
No.Shuttle.Control.Batch2.B.04,AGCTTCGACAGT,GTGTGYCAGCMGCCGCGGTAA,no.shuttle,B,Batch2,9.8,10,2,No.Shuttle.Control,none,No.Shuttle.Control.Batch2.B.04,no.shuttle.B.10,no.shuttle_none_9.8,no.shuttle_none_B_9.8,NS.B.4,NS.B.4
No.Shuttle.Control.Batch2.B.06,TTCAGCGATGGT,GTGTGYCAGCMGCCGCGGTAA,no.shuttle,B,Batch2,17.8,18,3,No.Shuttle.Control,none,No.Shuttle.Control.Batch2.B.06,no.shuttle.B.18,no.shuttle_none_17.8,no.shuttle_none_B_17.8,NS.B.6,NS.B.6
No.Shuttle.Control.Batch2.B.07,GTCAATTAGTGG,GTGTGYCAGCMGCCGCGGTAA,no.shuttle,B,Batch2,21.9,22,4,No.Shuttle.Control,none,No.Shuttle.Control.Batch2.B.07,no.shuttle.B.22,no.shuttle_none_21.9,no.shuttle_none_B_21.9,NS.B.7,NS.B.7
No.Shuttle.Control.Batch2.B.08,TAAGAAACGTCA,GTGTGYCAGCMGCCGCGGTAA,no.shuttle,B,Batch2,27.9,28,5,No.Shuttle.Control,none,No.Shuttle.Control.Batch2.B.08,no.shuttle.B.28,no.shuttle_none_27.9,no.shuttle_none_B_27.9,NS.B.8,NS.B.8
No.Shuttle.Control.Batch2.B.09,ATTTGCTTTGCC,GTGTGYCAGCMGCCGCGGTAA,no.shuttle,B,Batch2,35,35,6,No.Shuttle.Control,none,No.Shuttle.Control.Batch2.B.09,no.shuttle.B.35,no.shuttle_none_35,no.shuttle_none_B_35,NS.B.9,NS.B.9
No.Shuttle.Control.Batch2.B.10,GTCATTGGGCTA,GTGTGYCAGCMGCCGCGGTAA,no.shuttle,B,Batch2,55.9,56,7,No.Shuttle.Control,none,No.Shuttle.Control.Batch2.B.10,no.shuttle.B.56,no.shuttle_none_55.9,no.shuttle_none_B_55.9,NS.B.10,NS.B.10
No.Shuttle.Control.Batch2.B.11,AACGCTTCTTAT,GTGTGYCAGCMGCCGCGGTAA,no.shuttle,B,Batch2,93.9,94,8,No.Shuttle.Control,none,No.Shuttle.Control.Batch2.B.11,no.shuttle.B.94,no.shuttle_none_93.9,no.shuttle_none_B_93.9,NS.B.11,NS.B.11
No.Shuttle.Control.Batch2.C.02,GAGAGTCCACTT,GTGTGYCAGCMGCCGCGGTAA,no.shuttle,C,Batch2,3.9,4,1,No.Shuttle.Control,none,No.Shuttle.Control.Batch2.C.02,no.shuttle.C.4,no.shuttle_none_3.9,no.shuttle_none_C_3.9,NS.C.2,NS.C.2
No.Shuttle.Control.Batch2.C.04,GAGAGGGATCAC,GTGTGYCAGCMGCCGCGGTAA,no.shuttle,C,Batch2,9.8,10,2,No.Shuttle.Control,none,No.Shuttle.Control.Batch2.C.04,no.shuttle.C.10,no.shuttle_none_9.8,no.shuttle_none_C_9.8,NS.C.4,NS.C.4
No.Shuttle.Control.Batch2.C.06,AAGATCGTACTG,GTGTGYCAGCMGCCGCGGTAA,no.shuttle,C,Batch2,17.8,18,3,No.Shuttle.Control,none,No.Shuttle.Control.Batch2.C.06,no.shuttle.C.18,no.shuttle_none_17.8,no.shuttle_none_C_17.8,NS.C.6,NS.C.6
No.Shuttle.Control.Batch2.C.07,CCTAAGAGCATC,GTGTGYCAGCMGCCGCGGTAA,no.shuttle,C,Batch2,21.9,22,4,No.Shuttle.Control,none,No.Shuttle.Control.Batch2.C.07,no.shuttle.C.22,no.shuttle_none_21.9,no.shuttle_none_C_21.9,NS.C.7,NS.C.7
No.Shuttle.Control.Batch2.C.08,TTGCGACAAAGT,GTGTGYCAGCMGCCGCGGTAA,no.shuttle,C,Batch2,27.9,28,5,No.Shuttle.Control,none,No.Shuttle.Control.Batch2.C.08,no.shuttle.C.28,no.shuttle_none_27.9,no.shuttle_none_C_27.9,NS.C.8,NS.C.8
No.Shuttle.Control.Batch2.C.09,GCAAGAATACAT,GTGTGYCAGCMGCCGCGGTAA,no.shuttle,C,Batch2,35,35,6,No.Shuttle.Control,none,No.Shuttle.Control.Batch2.C.09,no.shuttle.C.35,no.shuttle_none_35,no.shuttle_none_C_35,NS.C.9,NS.C.9
No.Shuttle.Control.Batch2.C.10,TCCGGACTCCTG,GTGTGYCAGCMGCCGCGGTAA,no.shuttle,C,Batch2,55.9,56,7,No.Shuttle.Control,none,No.Shuttle.Control.Batch2.C.10,no.shuttle.C.56,no.shuttle_none_55.9,no.shuttle_none_C_55.9,NS.C.10,NS.C.10
No.Shuttle.Control.Batch2.C.11,AGGAACCAGACG,GTGTGYCAGCMGCCGCGGTAA,no.shuttle,C,Batch2,93.9,94,8,No.Shuttle.Control,none,No.Shuttle.Control.Batch2.C.11,no.shuttle.C.94,no.shuttle_none_93.9,no.shuttle_none_C_93.9,NS.C.11,NS.C.11
AQS.100.uM.Batch2.A.02,AATTTCCTAACA,GTGTGYCAGCMGCCGCGGTAA,AQS,A,Batch2,3.9,4,1,AQS.100.uM,100,AQS.100.uM.Batch2.A.02,AQS.A.4,AQS_100_3.9,AQS_100_A_3.9,S.A.2,S.A.2
AQS.100.uM.Batch2.A.04,CTGAGGCCCTTC,GTGTGYCAGCMGCCGCGGTAA,AQS,A,Batch2,9.8,10,2,AQS.100.uM,100,AQS.100.uM.Batch2.A.04,AQS.A.10,AQS_100_9.8,AQS_100_A_9.8,S.A.4,S.A.4
AQS.100.uM.Batch2.A.06,GGTGCAGACAGA,GTGTGYCAGCMGCCGCGGTAA,AQS,A,Batch2,17.8,18,3,AQS.100.uM,100,AQS.100.uM.Batch2.A.06,AQS.A.18,AQS_100_17.8,AQS_100_A_17.8,S.A.6,S.A.6
AQS.100.uM.Batch2.A.07,ATAAACGGACAT,GTGTGYCAGCMGCCGCGGTAA,AQS,A,Batch2,21.9,22,4,AQS.100.uM,100,AQS.100.uM.Batch2.A.07,AQS.A.22,AQS_100_21.9,AQS_100_A_21.9,S.A.7,S.A.7
AQS.100.uM.Batch2.A.08,GCATTACTGGAC,GTGTGYCAGCMGCCGCGGTAA,AQS,A,Batch2,27.9,28,5,AQS.100.uM,100,AQS.100.uM.Batch2.A.08,AQS.A.28,AQS_100_27.9,AQS_100_A_27.9,S.A.8,S.A.8
AQS.100.uM.Batch2.A.09,ATCAAGATACGC,GTGTGYCAGCMGCCGCGGTAA,AQS,A,Batch2,35,35,6,AQS.100.uM,100,AQS.100.uM.Batch2.A.09,AQS.A.35,AQS_100_35,AQS_100_A_35,S.A.9,S.A.9
AQS.100.uM.Batch2.A.10,TACTGAGCCTCG,GTGTGYCAGCMGCCGCGGTAA,AQS,A,Batch2,55.9,56,7,AQS.100.uM,100,AQS.100.uM.Batch2.A.10,AQS.A.56,AQS_100_55.9,AQS_100_A_55.9,S.A.10,S.A.10
AQS.100.uM.Batch2.B.02,CTCCCACTAGAG,GTGTGYCAGCMGCCGCGGTAA,AQS,B,Batch2,3.9,4,1,AQS.100.uM,100,AQS.100.uM.Batch2.B.02,AQS.B.4,AQS_100_3.9,AQS_100_B_3.9,S.B.2,S.B.2
AQS.100.uM.Batch2.B.04,TGATTTAATTGC,GTGTGYCAGCMGCCGCGGTAA,AQS,B,Batch2,9.8,10,2,AQS.100.uM,100,AQS.100.uM.Batch2.B.04,AQS.B.10,AQS_100_9.8,AQS_100_B_9.8,S.B.4,S.B.4
AQS.100.uM.Batch2.B.06,CGTGGCTTTCCG,GTGTGYCAGCMGCCGCGGTAA,AQS,B,Batch2,17.8,18,3,AQS.100.uM,100,AQS.100.uM.Batch2.B.06,AQS.B.18,AQS_100_17.8,AQS_100_B_17.8,S.B.6,S.B.6
AQS.100.uM.Batch2.B.07,AATAGATGCTGA,GTGTGYCAGCMGCCGCGGTAA,AQS,B,Batch2,21.9,22,4,AQS.100.uM,100,AQS.100.uM.Batch2.B.07,AQS.B.22,AQS_100_21.9,AQS_100_B_21.9,S.B.7,S.B.7
AQS.100.uM.Batch2.B.08,GCACGCGAGCAC,GTGTGYCAGCMGCCGCGGTAA,AQS,B,Batch2,27.9,28,5,AQS.100.uM,100,AQS.100.uM.Batch2.B.08,AQS.B.28,AQS_100_27.9,AQS_100_B_27.9,S.B.8,S.B.8
AQS.100.uM.Batch2.B.09,CAGTCCCTGCAC,GTGTGYCAGCMGCCGCGGTAA,AQS,B,Batch2,35,35,6,AQS.100.uM,100,AQS.100.uM.Batch2.B.09,AQS.B.35,AQS_100_35,AQS_100_B_35,S.B.9,S.B.9
AQS.100.uM.Batch2.B.10,CACGAAAGCAGG,GTGTGYCAGCMGCCGCGGTAA,AQS,B,Batch2,55.9,56,7,AQS.100.uM,100,AQS.100.uM.Batch2.B.10,AQS.B.56,AQS_100_55.9,AQS_100_B_55.9,S.B.10,S.B.10
AQS.100.uM.Batch2.C.02,TATGGGTAGCTA,GTGTGYCAGCMGCCGCGGTAA,AQS,C,Batch2,3.9,4,1,AQS.100.uM,100,AQS.100.uM.Batch2.C.02,AQS.C.4,AQS_100_3.9,AQS_100_C_3.9,S.C.2,S.C.2
AQS.100.uM.Batch2.C.04,CACGCTATTGGA,GTGTGYCAGCMGCCGCGGTAA,AQS,C,Batch2,9.8,10,2,AQS.100.uM,100,AQS.100.uM.Batch2.C.04,AQS.C.10,AQS_100_9.8,AQS_100_C_9.8,S.C.4,S.C.4
AQS.100.uM.Batch2.C.06,ATATTGGCAGCC,GTGTGYCAGCMGCCGCGGTAA,AQS,C,Batch2,17.8,18,3,AQS.100.uM,100,AQS.100.uM.Batch2.C.06,AQS.C.18,AQS_100_17.8,AQS_100_C_17.8,S.C.6,S.C.6
AQS.100.uM.Batch2.C.08,AATAAGCAATAG,GTGTGYCAGCMGCCGCGGTAA,AQS,C,Batch2,27.9,28,4,AQS.100.uM,100,AQS.100.uM.Batch2.C.08,AQS.C.28,AQS_100_27.9,AQS_100_C_27.9,S.C.8,S.C.8
AQS.100.uM.Batch2.C.09,TCTTCGCAGCAG,GTGTGYCAGCMGCCGCGGTAA,AQS,C,Batch2,35,35,5,AQS.100.uM,100,AQS.100.uM.Batch2.C.09,AQS.C.35,AQS_100_35,AQS_100_C_35,S.C.9,S.C.9
AQS.100.uM.Batch2.C.10,GTGAGGGCAAGT,GTGTGYCAGCMGCCGCGGTAA,AQS,C,Batch2,55.9,56,6,AQS.100.uM,100,AQS.100.uM.Batch2.C.10,AQS.C.56,AQS_100_55.9,AQS_100_C_55.9,S.C.10,S.C.10
AQZ.100.uM.Batch2.A.02,CCAGATATAGCA,GTGTGYCAGCMGCCGCGGTAA,AQZ,A,Batch2,3.9,4,1,AQZ.100.uM,100,AQZ.100.uM.Batch2.A.02,AQZ.A.4,AQZ_100_3.9,AQZ_100_A_3.9,Z.A.2,Z.A.2
AQZ.100.uM.Batch2.A.04,GCTTCATTTCTG,GTGTGYCAGCMGCCGCGGTAA,AQZ,A,Batch2,9.8,10,2,AQZ.100.uM,100,AQZ.100.uM.Batch2.A.04,AQZ.A.10,AQZ_100_9.8,AQZ_100_A_9.8,Z.A.4,Z.A.4
AQZ.100.uM.Batch2.A.06,AATATCGGGATC,GTGTGYCAGCMGCCGCGGTAA,AQZ,A,Batch2,17.8,18,3,AQZ.100.uM,100,AQZ.100.uM.Batch2.A.06,AQZ.A.18,AQZ_100_17.8,AQZ_100_A_17.8,Z.A.6,Z.A.6
AQZ.100.uM.Batch2.A.07,CTCTATTCCACC,GTGTGYCAGCMGCCGCGGTAA,AQZ,A,Batch2,21.9,22,4,AQZ.100.uM,100,AQZ.100.uM.Batch2.A.07,AQZ.A.22,AQZ_100_21.9,AQZ_100_A_21.9,Z.A.7,Z.A.7
AQZ.100.uM.Batch2.A.08,CGCAGATTAGTA,GTGTGYCAGCMGCCGCGGTAA,AQZ,A,Batch2,27.9,28,5,AQZ.100.uM,100,AQZ.100.uM.Batch2.A.08,AQZ.A.28,AQZ_100_27.9,AQZ_100_A_27.9,Z.A.8,Z.A.8
AQZ.100.uM.Batch2.A.09,GTAAATTCAGGC,GTGTGYCAGCMGCCGCGGTAA,AQZ,A,Batch2,35,35,6,AQZ.100.uM,100,AQZ.100.uM.Batch2.A.09,AQZ.A.35,AQZ_100_35,AQZ_100_A_35,Z.A.9,Z.A.9
AQZ.100.uM.Batch2.A.10,AGCAACATTGCA,GTGTGYCAGCMGCCGCGGTAA,AQZ,A,Batch2,55.9,56,7,AQZ.100.uM,100,AQZ.100.uM.Batch2.A.10,AQZ.A.56,AQZ_100_55.9,AQZ_100_A_55.9,Z.A.10,Z.A.10
AQZ.100.uM.Batch2.B.02,GAGCGCCGAACA,GTGTGYCAGCMGCCGCGGTAA,AQZ,B,Batch2,3.9,4,1,AQZ.100.uM,100,AQZ.100.uM.Batch2.B.02,AQZ.B.4,AQZ_100_3.9,AQZ_100_B_3.9,Z.B.2,Z.B.2
AQZ.100.uM.Batch2.B.04,CATTCAGTTATA,GTGTGYCAGCMGCCGCGGTAA,AQZ,B,Batch2,9.8,10,2,AQZ.100.uM,100,AQZ.100.uM.Batch2.B.04,AQZ.B.10,AQZ_100_9.8,AQZ_100_B_9.8,Z.B.4,Z.B.4
AQZ.100.uM.Batch2.B.06,AAGCCTCTACGA,GTGTGYCAGCMGCCGCGGTAA,AQZ,B,Batch2,17.8,18,3,AQZ.100.uM,100,AQZ.100.uM.Batch2.B.06,AQZ.B.18,AQZ_100_17.8,AQZ_100_B_17.8,Z.B.6,Z.B.6
AQZ.100.uM.Batch2.B.07,GTTGACCATCGC,GTGTGYCAGCMGCCGCGGTAA,AQZ,B,Batch2,21.9,22,4,AQZ.100.uM,100,AQZ.100.uM.Batch2.B.07,AQZ.B.22,AQZ_100_21.9,AQZ_100_B_21.9,Z.B.7,Z.B.7
AQZ.100.uM.Batch2.B.08,TCCTAGGTCCGA,GTGTGYCAGCMGCCGCGGTAA,AQZ,B,Batch2,27.9,28,5,AQZ.100.uM,100,AQZ.100.uM.Batch2.B.08,AQZ.B.28,AQZ_100_27.9,AQZ_100_B_27.9,Z.B.8,Z.B.8
AQZ.100.uM.Batch2.B.09,ACCCGGATTTCG,GTGTGYCAGCMGCCGCGGTAA,AQZ,B,Batch2,35,35,6,AQZ.100.uM,100,AQZ.100.uM.Batch2.B.09,AQZ.B.35,AQZ_100_35,AQZ_100_B_35,Z.B.9,Z.B.9
AQZ.100.uM.Batch2.B.10,CAGTGTCATGAA,GTGTGYCAGCMGCCGCGGTAA,AQZ,B,Batch2,55.9,56,7,AQZ.100.uM,100,AQZ.100.uM.Batch2.B.10,AQZ.B.56,AQZ_100_55.9,AQZ_100_B_55.9,Z.B.10,Z.B.10
AQZ.100.uM.Batch2.C.02,AGCCCGCAAAGG,GTGTGYCAGCMGCCGCGGTAA,AQZ,C,Batch2,3.9,4,1,AQZ.100.uM,100,AQZ.100.uM.Batch2.C.02,AQZ.C.4,AQZ_100_3.9,AQZ_100_C_3.9,Z.C.2,Z.C.2
AQZ.100.uM.Batch2.C.04,CTAGTCGCTGGT,GTGTGYCAGCMGCCGCGGTAA,AQZ,C,Batch2,9.8,10,2,AQZ.100.uM,100,AQZ.100.uM.Batch2.C.04,AQZ.C.10,AQZ_100_9.8,AQZ_100_C_9.8,Z.C.4,Z.C.4
AQZ.100.uM.Batch2.C.06,GAGAATGGAAAG,GTGTGYCAGCMGCCGCGGTAA,AQZ,C,Batch2,17.8,18,3,AQZ.100.uM,100,AQZ.100.uM.Batch2.C.06,AQZ.C.18,AQZ_100_17.8,AQZ_100_C_17.8,Z.C.6,Z.C.6
AQZ.100.uM.Batch2.C.07,AGACACCAATGT,GTGTGYCAGCMGCCGCGGTAA,AQZ,C,Batch2,21.9,22,4,AQZ.100.uM,100,AQZ.100.uM.Batch2.C.07,AQZ.C.22,AQZ_100_21.9,AQZ_100_C_21.9,Z.C.7,Z.C.7
AQZ.100.uM.Batch2.C.08,GGCCTATAAGTC,GTGTGYCAGCMGCCGCGGTAA,AQZ,C,Batch2,27.9,28,5,AQZ.100.uM,100,AQZ.100.uM.Batch2.C.08,AQZ.C.28,AQZ_100_27.9,AQZ_100_C_27.9,Z.C.8,Z.C.8
AQZ.100.uM.Batch2.C.09,GTGACCCTGTCA,GTGTGYCAGCMGCCGCGGTAA,AQZ,C,Batch2,35,35,6,AQZ.100.uM,100,AQZ.100.uM.Batch2.C.09,AQZ.C.35,AQZ_100_35,AQZ_100_C_35,Z.C.9,Z.C.9
AQZ.100.uM.Batch2.C.10,CAGGGTAGGGTA,GTGTGYCAGCMGCCGCGGTAA,AQZ,C,Batch2,55.9,56,7,AQZ.100.uM,100,AQZ.100.uM.Batch2.C.10,AQZ.C.56,AQZ_100_55.9,AQZ_100_C_55.9,Z.C.10,Z.C.10
Ribo.02.A,AGAGTGCTAATC,GTGTGYCAGCMGCCGCGGTAA,Riboflavin,A,Batch3,5,5,1,Ribo.100.uM,100,Ribo.02.A,Riboflavin.A.5,Riboflavin_100_5,Riboflavin_100_A_5,Flynn.R2.A,Ribo.02.A
Ribo.02.B,GTACCGTTGCAA,GTGTGYCAGCMGCCGCGGTAA,Riboflavin,B,Batch3,5,5,1,Ribo.100.uM,100,Ribo.02.B,Riboflavin.B.5,Riboflavin_100_5,Riboflavin_100_B_5,Flynn.R2.B,Ribo.02.B
Ribo.02.C,TGCTTGTAGGCA,GTGTGYCAGCMGCCGCGGTAA,Riboflavin,C,Batch3,5,5,1,Ribo.100.uM,100,Ribo.02.C,Riboflavin.C.5,Riboflavin_100_5,Riboflavin_100_C_5,Flynn.R2.C,Ribo.02.C
Ribo.04.A,TAAGTCGGCCTA,GTGTGYCAGCMGCCGCGGTAA,Riboflavin,A,Batch3,8.9,9,2,Ribo.100.uM,100,Ribo.04.A,Riboflavin.A.9,Riboflavin_100_8.9,Riboflavin_100_A_8.9,Flynn.R4.A,Ribo.04.A
Ribo.04.B,GTGTCACTTTAT,GTGTGYCAGCMGCCGCGGTAA,Riboflavin,B,Batch3,8.9,9,2,Ribo.100.uM,100,Ribo.04.B,Riboflavin.B.9,Riboflavin_100_8.9,Riboflavin_100_B_8.9,Flynn.R4.B,Ribo.04.B
Ribo.04.C,GCTAAAGTCGTA,GTGTGYCAGCMGCCGCGGTAA,Riboflavin,C,Batch3,8.9,9,2,Ribo.100.uM,100,Ribo.04.C,Riboflavin.C.9,Riboflavin_100_8.9,Riboflavin_100_C_8.9,Flynn.R4.C,Ribo.04.C
Ribo.06.A,CAACCACTCGGT,GTGTGYCAGCMGCCGCGGTAA,Riboflavin,A,Batch3,15,15,3,Ribo.100.uM,100,Ribo.06.A,Riboflavin.A.15,Riboflavin_100_15,Riboflavin_100_A_15,Flynn.R6.A,Ribo.06.A
Ribo.06.B,GTAGTCCCGCTC,GTGTGYCAGCMGCCGCGGTAA,Riboflavin,B,Batch3,15,15,3,Ribo.100.uM,100,Ribo.06.B,Riboflavin.B.15,Riboflavin_100_15,Riboflavin_100_B_15,Flynn.R6.B,Ribo.06.B
Ribo.06.C,TTCGTACTTCGT,GTGTGYCAGCMGCCGCGGTAA,Riboflavin,C,Batch3,15,15,3,Ribo.100.uM,100,Ribo.06.C,Riboflavin.C.15,Riboflavin_100_15,Riboflavin_100_C_15,Flynn.R6.C,Ribo.06.C
Ribo.08.A,CAACCGAGATTA,GTGTGYCAGCMGCCGCGGTAA,Riboflavin,A,Batch3,22.9,23,4,Ribo.100.uM,100,Ribo.08.A,Riboflavin.A.23,Riboflavin_100_22.9,Riboflavin_100_A_22.9,Flynn.R8.A,Ribo.08.A
Ribo.08.B,GTCGCACGTCTC,GTGTGYCAGCMGCCGCGGTAA,Riboflavin,B,Batch3,22.9,23,4,Ribo.100.uM,100,Ribo.08.B,Riboflavin.B.23,Riboflavin_100_22.9,Riboflavin_100_B_22.9,Flynn.R8.B,Ribo.08.B
Ribo.08.C,CCTTGGAATCGC,GTGTGYCAGCMGCCGCGGTAA,Riboflavin,C,Batch3,22.9,23,4,Ribo.100.uM,100,Ribo.08.C,Riboflavin.C.23,Riboflavin_100_22.9,Riboflavin_100_C_22.9,Flynn.R8.C,Ribo.08.C
Ribo.10.A,TAGCCAATTTCT,GTGTGYCAGCMGCCGCGGTAA,Riboflavin,A,Batch3,33.9,34,5,Ribo.100.uM,100,Ribo.10.A,Riboflavin.A.34,Riboflavin_100_33.9,Riboflavin_100_A_33.9,Flynn.R10.A,Ribo.10.A
Ribo.10.B,CTTAGAACGTGC,GTGTGYCAGCMGCCGCGGTAA,Riboflavin,B,Batch3,33.9,34,5,Ribo.100.uM,100,Ribo.10.B,Riboflavin.B.34,Riboflavin_100_33.9,Riboflavin_100_B_33.9,Flynn.R10.B,Ribo.10.B
Ribo.10.C,GTAAGTAGATCA,GTGTGYCAGCMGCCGCGGTAA,Riboflavin,C,Batch3,33.9,34,5,Ribo.100.uM,100,Ribo.10.C,Riboflavin.C.34,Riboflavin_100_33.9,Riboflavin_100_C_33.9,Flynn.R10.C,Ribo.10.C
Ribo.11.A,GAGGGACGCAAT,GTGTGYCAGCMGCCGCGGTAA,Riboflavin,A,Batch3,40,40,6,Ribo.100.uM,100,Ribo.11.A,Riboflavin.A.40,Riboflavin_100_40,Riboflavin_100_A_40,Flynn.R11.A,Ribo.11.A
Ribo.11.B,GCTCAATCAGAA,GTGTGYCAGCMGCCGCGGTAA,Riboflavin,B,Batch3,40,40,6,Ribo.100.uM,100,Ribo.11.B,Riboflavin.B.40,Riboflavin_100_40,Riboflavin_100_B_40,Flynn.R11.B,Ribo.11.B
Ribo.11.C,CAGTTCGAGATA,GTGTGYCAGCMGCCGCGGTAA,Riboflavin,C,Batch3,40,40,6,Ribo.100.uM,100,Ribo.11.C,Riboflavin.C.40,Riboflavin_100_40,Riboflavin_100_C_40,Flynn.R11.C,Ribo.11.C
Ribo.13.A,CATGCGGATCCT,GTGTGYCAGCMGCCGCGGTAA,Riboflavin,A,Batch3,57.1,57,7,Ribo.100.uM,100,Ribo.13.A,Riboflavin.A.57,Riboflavin_100_57.1,Riboflavin_100_A_57.1,Flynn.R13.A,Ribo.13.A
Ribo.13.B,CGTTGACACCCA,GTGTGYCAGCMGCCGCGGTAA,Riboflavin,B,Batch3,57.1,57,7,Ribo.100.uM,100,Ribo.13.B,Riboflavin.B.57,Riboflavin_100_57.1,Riboflavin_100_B_57.1,Flynn.R13.B,Ribo.13.B
Ribo.13.C,GCTTCCAGACAA,GTGTGYCAGCMGCCGCGGTAA,Riboflavin,C,Batch3,57.1,57,7,Ribo.100.uM,100,Ribo.13.C,Riboflavin.C.57,Riboflavin_100_57.1,Riboflavin_100_C_57.1,Flynn.R13.C,Ribo.13.C
NQJ.02.A,TCCCTCTGAGAG,GTGTGYCAGCMGCCGCGGTAA,NQJ,A,Batch3,5,5,1,NQJ.100.uM,100,NQJ.02.A,NQJ.A.5,NQJ_100_5,NQJ_100_A_5,Flynn.J2.A,NQJ.02.A
NQJ.02.B,GAAGACAGCGAC,GTGTGYCAGCMGCCGCGGTAA,NQJ,B,Batch3,5,5,1,NQJ.100.uM,100,NQJ.02.B,NQJ.B.5,NQJ_100_5,NQJ_100_B_5,Flynn.J2.B,NQJ.02.B
NQJ.02.C,ATATCGCGATGA,GTGTGYCAGCMGCCGCGGTAA,NQJ,C,Batch3,5,5,1,NQJ.100.uM,100,NQJ.02.C,NQJ.C.5,NQJ_100_5,NQJ_100_C_5,Flynn.J2.C,NQJ.02.C
NQJ.04.A,CGATACACTGCC,GTGTGYCAGCMGCCGCGGTAA,NQJ,A,Batch3,8.9,9,2,NQJ.100.uM,100,NQJ.04.A,NQJ.A.9,NQJ_100_8.9,NQJ_100_A_8.9,Flynn.J4.A,NQJ.04.A
NQJ.04.B,TCACAACACCGC,GTGTGYCAGCMGCCGCGGTAA,NQJ,B,Batch3,8.9,9,2,NQJ.100.uM,100,NQJ.04.B,NQJ.B.9,NQJ_100_8.9,NQJ_100_B_8.9,Flynn.J4.B,NQJ.04.B
NQJ.04.C,GTTTGTGATCTT,GTGTGYCAGCMGCCGCGGTAA,NQJ,C,Batch3,8.9,9,2,NQJ.100.uM,100,NQJ.04.C,NQJ.C.9,NQJ_100_8.9,NQJ_100_C_8.9,Flynn.J4.C,NQJ.04.C
NQJ.06.A,AACATTGCAGGT,GTGTGYCAGCMGCCGCGGTAA,NQJ,A,Batch3,15,15,3,NQJ.100.uM,100,NQJ.06.A,NQJ.A.15,NQJ_100_15,NQJ_100_A_15,Flynn.J6.A,NQJ.06.A
NQJ.06.B,GAGTGCTCTAAC,GTGTGYCAGCMGCCGCGGTAA,NQJ,B,Batch3,15,15,3,NQJ.100.uM,100,NQJ.06.B,NQJ.B.15,NQJ_100_15,NQJ_100_B_15,Flynn.J6.B,NQJ.06.B
NQJ.06.C,GCTACTGGTATG,GTGTGYCAGCMGCCGCGGTAA,NQJ,C,Batch3,15,15,3,NQJ.100.uM,100,NQJ.06.C,NQJ.C.15,NQJ_100_15,NQJ_100_C_15,Flynn.J6.C,NQJ.06.C
NQJ.08.A,GTCCGATCCTAG,GTGTGYCAGCMGCCGCGGTAA,NQJ,A,Batch3,22.9,23,4,NQJ.100.uM,100,NQJ.08.A,NQJ.A.23,NQJ_100_22.9,NQJ_100_A_22.9,Flynn.J8.A,NQJ.08.A
NQJ.08.B,GTGTGGCAGAAG,GTGTGYCAGCMGCCGCGGTAA,NQJ,B,Batch3,22.9,23,4,NQJ.100.uM,100,NQJ.08.B,NQJ.B.23,NQJ_100_22.9,NQJ_100_B_22.9,Flynn.J8.B,NQJ.08.B
NQJ.08.C,AAGTATCCTGCG,GTGTGYCAGCMGCCGCGGTAA,NQJ,C,Batch3,22.9,23,4,NQJ.100.uM,100,NQJ.08.C,NQJ.C.23,NQJ_100_22.9,NQJ_100_C_22.9,Flynn.J8.C,NQJ.08.C
NQJ.10.A,TGGCACTGGTTA,GTGTGYCAGCMGCCGCGGTAA,NQJ,A,Batch3,33.9,34,5,NQJ.100.uM,100,NQJ.10.A,NQJ.A.34,NQJ_100_33.9,NQJ_100_A_33.9,Flynn.J10.A,NQJ.10.A
NQJ.10.B,CACTGGTGCATA,GTGTGYCAGCMGCCGCGGTAA,NQJ,B,Batch3,33.9,34,5,NQJ.100.uM,100,NQJ.10.B,NQJ.B.34,NQJ_100_33.9,NQJ_100_B_33.9,Flynn.J10.B,NQJ.10.B
NQJ.10.C,GCGCCGAATCTT,GTGTGYCAGCMGCCGCGGTAA,NQJ,C,Batch3,33.9,34,5,NQJ.100.uM,100,NQJ.10.C,NQJ.C.34,NQJ_100_33.9,NQJ_100_C_33.9,Flynn.J10.C,NQJ.10.C
NQJ.11.A,ATGGCGCGGACC,GTGTGYCAGCMGCCGCGGTAA,NQJ,A,Batch3,40,40,6,NQJ.100.uM,100,NQJ.11.A,NQJ.A.40,NQJ_100_40,NQJ_100_A_40,Flynn.AQJ11.A,NQJ.11.A
NQJ.11.B,GCGGAAACATGG,GTGTGYCAGCMGCCGCGGTAA,NQJ,B,Batch3,40,40,6,NQJ.100.uM,100,NQJ.11.B,NQJ.B.40,NQJ_100_40,NQJ_100_B_40,Flynn.AQJ11.B,NQJ.11.B
NQJ.11.C,GATGTGGTGTTA,GTGTGYCAGCMGCCGCGGTAA,NQJ,C,Batch3,40,40,6,NQJ.100.uM,100,NQJ.11.C,NQJ.C.40,NQJ_100_40,NQJ_100_C_40,Flynn.AQJ11.C,NQJ.11.C
NQJ.13.A,ATATCCTGGGAC,GTGTGYCAGCMGCCGCGGTAA,NQJ,A,Batch3,57.1,57,7,NQJ.100.uM,100,NQJ.13.A,NQJ.A.57,NQJ_100_57.1,NQJ_100_A_57.1,Flynn.NQJ13.A,NQJ.13.A
NQJ.13.B,CGACGCCCATTC,GTGTGYCAGCMGCCGCGGTAA,NQJ,B,Batch3,57.1,57,7,NQJ.100.uM,100,NQJ.13.B,NQJ.B.57,NQJ_100_57.1,NQJ_100_B_57.1,Flynn.NQJ13.B,NQJ.13.B
NQJ.13.C,CGTGCCGCTTAA,GTGTGYCAGCMGCCGCGGTAA,NQJ,C,Batch3,57.1,57,7,NQJ.100.uM,100,NQJ.13.C,NQJ.C.57,NQJ_100_57.1,NQJ_100_C_57.1,Flynn.NQJ13.C,NQJ.13.C
NQS.02.A,AGCGCATATCCA,GTGTGYCAGCMGCCGCGGTAA,NQS,A,Batch3,5,5,1,NQS.100.uM,100,NQS.02.A,NQS.A.5,NQS_100_5,NQS_100_A_5,Flynn.S2.A,NQS.02.A
NQS.02.B,CTGTATGGAGCT,GTGTGYCAGCMGCCGCGGTAA,NQS,B,Batch3,5,5,1,NQS.100.uM,100,NQS.02.B,NQS.B.5,NQS_100_5,NQS_100_B_5,Flynn.S2.B,NQS.02.B
NQS.02.C,GCCGTCTCGTAA,GTGTGYCAGCMGCCGCGGTAA,NQS,C,Batch3,5,5,1,NQS.100.uM,100,NQS.02.C,NQS.C.5,NQS_100_5,NQS_100_C_5,Flynn.S2.C,NQS.02.C
NQS.04.A,AGGGCCCGCTGA,GTGTGYCAGCMGCCGCGGTAA,NQS,A,Batch3,8.9,9,2,NQS.100.uM,100,NQS.04.A,NQS.A.9,NQS_100_8.9,NQS_100_A_8.9,Flynn.S4.A,NQS.04.A
NQS.04.B,TCAGATACCAGC,GTGTGYCAGCMGCCGCGGTAA,NQS,B,Batch3,8.9,9,2,NQS.100.uM,100,NQS.04.B,NQS.B.9,NQS_100_8.9,NQS_100_B_8.9,Flynn.S4.B,NQS.04.B
NQS.04.C,GTAATAATGCCG,GTGTGYCAGCMGCCGCGGTAA,NQS,C,Batch3,8.9,9,2,NQS.100.uM,100,NQS.04.C,NQS.C.9,NQS_100_8.9,NQS_100_C_8.9,Flynn.S4.C,NQS.04.C
NQS.06.A,ACGCGCTAAATC,GTGTGYCAGCMGCCGCGGTAA,NQS,A,Batch3,15,15,3,NQS.100.uM,100,NQS.06.A,NQS.A.15,NQS_100_15,NQS_100_A_15,Flynn.S6.A,NQS.06.A
NQS.06.B,TCGATTGGCCGT,GTGTGYCAGCMGCCGCGGTAA,NQS,B,Batch3,15,15,3,NQS.100.uM,100,NQS.06.B,NQS.B.15,NQS_100_15,NQS_100_B_15,Flynn.S6.B,NQS.06.B
NQS.06.C,CTACCACGGTAC,GTGTGYCAGCMGCCGCGGTAA,NQS,C,Batch3,15,15,3,NQS.100.uM,100,NQS.06.C,NQS.C.15,NQS_100_15,NQS_100_C_15,Flynn.S6.C,NQS.06.C
NQS.08.A,TTCACCTGTATC,GTGTGYCAGCMGCCGCGGTAA,NQS,A,Batch3,22.9,23,4,NQS.100.uM,100,NQS.08.A,NQS.A.23,NQS_100_22.9,NQS_100_A_22.9,Flynn.S8.A,NQS.08.A
NQS.08.B,CCTTACCTCCTC,GTGTGYCAGCMGCCGCGGTAA,NQS,B,Batch3,22.9,23,4,NQS.100.uM,100,NQS.08.B,NQS.B.23,NQS_100_22.9,NQS_100_B_22.9,Flynn.S8.B,NQS.08.B
NQS.08.C,TCGCCGTGTACA,GTGTGYCAGCMGCCGCGGTAA,NQS,C,Batch3,22.9,23,4,NQS.100.uM,100,NQS.08.C,NQS.C.23,NQS_100_22.9,NQS_100_C_22.9,Flynn.S8.C,NQS.08.C
NQS.13.A,GTTTCTTGTTGC,GTGTGYCAGCMGCCGCGGTAA,NQS,A,Batch3,57.1,57,5,NQS.100.uM,100,NQS.13.A,NQS.A.57,NQS_100_57.1,NQS_100_A_57.1,Flynn.NQS13.A,NQS.13.A
NQS.13.B,CGTAGGTAGAGG,GTGTGYCAGCMGCCGCGGTAA,NQS,B,Batch3,57.1,57,5,NQS.100.uM,100,NQS.13.B,NQS.B.57,NQS_100_57.1,NQS_100_B_57.1,Flynn.NQS13.B,NQS.13.B
NQS.13.C,TCTTGTTTCTGG,GTGTGYCAGCMGCCGCGGTAA,NQS,C,Batch3,57.1,57,5,NQS.100.uM,100,NQS.13.C,NQS.C.57,NQS_100_57.1,NQS_100_C_57.1,Flynn.NQS13.C,NQS.13.C
NS.02.A,CGTGTCCGTGTC,GTGTGYCAGCMGCCGCGGTAA,no.shuttle,A,Batch3,5,5,1,no.shuttle,none,NS.02.A,no.shuttle.A.5,no.shuttle_none_5,no.shuttle_none_A_5,Flynn.NS2.A,NS.02.A
NS.02.B,CTTGGTAGTGCC,GTGTGYCAGCMGCCGCGGTAA,no.shuttle,B,Batch3,5,5,1,no.shuttle,none,NS.02.B,no.shuttle.B.5,no.shuttle_none_5,no.shuttle_none_B_5,Flynn.NS2.B,NS.02.B
NS.02.C,TTGTTGATGGAG,GTGTGYCAGCMGCCGCGGTAA,no.shuttle,C,Batch3,5,5,1,no.shuttle,none,NS.02.C,no.shuttle.C.5,no.shuttle_none_5,no.shuttle_none_C_5,Flynn.NS2.C,NS.02.C
NS.04.A,TAGTGCATTCGG,GTGTGYCAGCMGCCGCGGTAA,no.shuttle,A,Batch3,8.9,9,2,no.shuttle,none,NS.04.A,no.shuttle.A.9,no.shuttle_none_8.9,no.shuttle_none_A_8.9,Flynn.NS4.A,NS.04.A
NS.04.B,AATATGAGACCA,GTGTGYCAGCMGCCGCGGTAA,no.shuttle,B,Batch3,8.9,9,2,no.shuttle,none,NS.04.B,no.shuttle.B.9,no.shuttle_none_8.9,no.shuttle_none_B_8.9,Flynn.NS4.B,NS.04.B
NS.04.C,TCGCGATCGTCC,GTGTGYCAGCMGCCGCGGTAA,no.shuttle,C,Batch3,8.9,9,2,no.shuttle,none,NS.04.C,no.shuttle.C.9,no.shuttle_none_8.9,no.shuttle_none_C_8.9,Flynn.NS4.C,NS.04.C
NS.06.A,GTCACATCACGA,GTGTGYCAGCMGCCGCGGTAA,no.shuttle,A,Batch3,15,15,3,no.shuttle,none,NS.06.A,no.shuttle.A.15,no.shuttle_none_15,no.shuttle_none_A_15,Flynn.NS6.A,NS.06.A
NS.06.B,CGGTACCTACCA,GTGTGYCAGCMGCCGCGGTAA,no.shuttle,B,Batch3,15,15,3,no.shuttle,none,NS.06.B,no.shuttle.B.15,no.shuttle_none_15,no.shuttle_none_B_15,Flynn.NS6.B,NS.06.B
NS.06.C,ATTTCACAAATC,GTGTGYCAGCMGCCGCGGTAA,no.shuttle,C,Batch3,15,15,3,no.shuttle,none,NS.06.C,no.shuttle.C.15,no.shuttle_none_15,no.shuttle_none_C_15,Flynn.NS6.C,NS.06.C
NS.08.A,CAAAGTTTGCGA,GTGTGYCAGCMGCCGCGGTAA,no.shuttle,A,Batch3,22.9,23,4,no.shuttle,none,NS.08.A,no.shuttle.A.23,no.shuttle_none_22.9,no.shuttle_none_A_22.9,Flynn.NS8.A,NS.08.A
NS.08.B,ACACAGTCCTGA,GTGTGYCAGCMGCCGCGGTAA,no.shuttle,B,Batch3,22.9,23,4,no.shuttle,none,NS.08.B,no.shuttle.B.23,no.shuttle_none_22.9,no.shuttle_none_B_22.9,Flynn.NS8.B,NS.08.B
NS.08.C,TTCTAACTGTAC,GTGTGYCAGCMGCCGCGGTAA,no.shuttle,C,Batch3,22.9,23,4,no.shuttle,none,NS.08.C,no.shuttle.C.23,no.shuttle_none_22.9,no.shuttle_none_C_22.9,Flynn.NS8.C,NS.08.C
NS.13.A,CAGAGCTAATTG,GTGTGYCAGCMGCCGCGGTAA,no.shuttle,A,Batch3,57.1,57,5,no.shuttle,none,NS.13.A,no.shuttle.A.57,no.shuttle_none_57.1,no.shuttle_none_A_57.1,Flynn.NS13.A,NS.13.A
NS.13.B,AGCACGAGCACG,GTGTGYCAGCMGCCGCGGTAA,no.shuttle,B,Batch3,57.1,57,5,no.shuttle,none,NS.13.B,no.shuttle.B.57,no.shuttle_none_57.1,no.shuttle_none_B_57.1,Flynn.NS13.B,NS.13.B
NS.13.C,GCCCAAGTTCAC,GTGTGYCAGCMGCCGCGGTAA,no.shuttle,C,Batch3,57.1,57,5,no.shuttle,none,NS.13.C,no.shuttle.C.57,no.shuttle_none_57.1,no.shuttle_none_C_57.1,Flynn.NS13.C,NS.13.C
Inoculum.Batch3,AGCGTCTGAACT,GTGTGYCAGCMGCCGCGGTAA,Inoculum,inoc,Batch3,0,0,0,inoc,inoc,Inoculum.Batch3,Inoculum.inoc.0,Inoculum_inoc_0,Inoculum_inoc_inoc_0,Flynn.Inoculum,Inoculum.Batch3